Record_ID,Timestamp,Machine_ID,Product_ID,Operator_Notes,Predictive_Action,Production_Status,Sensor_Data_JSON,Control_Signal,Deviation_From_Setpoint,Setpoint,Energy_Consumption,Temperature_Avg,Pressure_Avg,Vibration_Avg
1,20210403,M05,P011,him,four,situation,view,38.7,5.98,6.9,304.0,67.4,307.9,12.8
2,20200607,M05,P019,one,add,person,they,41.5,9.19,13.0,725.9,8.8,216.9,14.1
3,20200504,M04,P004,picture,point,trouble,the,63.5,-2.38,45.7,885.3,72.1,169.1,7.9
4,20231006,M03,P008,whole,couple,board,section,83.5,2.57,19.2,301.1,-4.8,494.2,19.8
5,20220303,M07,P007,because,term,drop,other,24.5,4.12,51.1,140.8,93.1,146.3,4.8
6,20210222,M09,P010,technology,maintain,serious,heart,10.6,2.52,32.6,121.0,7.7,78.4,13.6
7,20230322,M08,P015,contain,eat,forget,their,78.7,0.44,87.4,291.9,-0.6,2.5,0.6
8,20220212,M04,P005,successful,respond,choose,serve,37.8,7.39,57.0,347.5,94.0,173.3,16.7
9,20240531,M07,P004,here,he,modern,when,94.5,-6.56,4.7,997.6,-14.7,104.0,17.1
10,20211031,M03,P018,out,health,sometimes,lot,46.3,8.86,41.2,323.4,1.7,92.2,13.8
11,20230501,M07,P005,page,state,card,season,81.2,-6.35,30.5,196.6,28.9,293.3,3.5
12,20241114,M06,P016,mean,politics,thank,say,73.9,-3.82,62.0,427.3,-0.8,407.3,16.5
13,20210818,M07,P011,positive,she,have,nearly,78.1,-5.43,48.7,735.4,31.8,297.9,8.0
14,20240620,M05,P003,college,subject,nor,computer,34.9,-0.22,11.7,127.1,-27.9,74.1,9.4
15,20201112,M01,P013,lawyer,large,degree,little,61.6,9.83,89.9,744.6,15.5,468.7,5.1
16,20220405,M09,P012,little,bad,field,air,62.8,-6.35,28.0,913.4,97.8,439.4,6.6
17,20220708,M03,P010,amount,environment,news,me,74.0,3.52,48.4,267.7,-8.4,359.6,4.5
18,20220925,M02,P018,stand,table,forward,day,88.1,-3.72,0.0,710.5,29.7,220.3,5.9
19,20211016,M04,P015,contain,simple,pick,how,66.2,-6.36,14.4,638.6,-6.6,454.4,15.5
20,20240124,M03,P018,war,score,understand,rest,84.0,-7.24,12.3,147.8,49.5,104.6,18.3
21,20200122,M09,P003,put,song,whole,between,73.9,2.67,8.4,9.9,38.8,324.1,12.3
22,20240901,M06,P002,realize,chance,very,central,10.7,-1.98,28.7,903.0,35.2,261.0,11.8
23,20211006,M09,P009,manage,necessary,compare,single,53.5,1.17,34.7,554.7,-30.2,439.5,13.9
24,20211223,M07,P012,agreement,suffer,food,perform,57.4,5.35,53.3,678.1,97.2,80.6,18.4
25,20241201,M08,P008,collection,old,mention,son,51.2,-4.18,45.6,64.5,60.3,200.9,17.3
26,20231209,M03,P009,friend,decision,successful,include,82.3,-7.71,50.1,284.3,55.7,68.4,9.1
27,20240330,M05,P007,teach,manager,section,discover,91.2,-5.2,92.5,854.2,84.8,367.9,16.0
28,20201114,M03,P007,size,already,fast,society,53.6,-6.22,36.0,830.8,4.5,255.2,7.9
29,20230807,M06,P003,still,within,author,sign,33.1,-1.14,89.7,273.8,-28.1,134.6,18.6
30,20240525,M02,P015,keep,learn,determine,town,5.6,6.37,39.8,707.6,86.5,437.2,11.4
31,20231019,M07,P001,impact,seek,color,commercial,30.1,6.02,34.9,140.7,19.6,107.9,0.0
32,20241229,M06,P011,specific,Congress,area,serious,96.7,-9.24,28.9,322.9,38.6,318.9,8.9
33,20200811,M09,P005,live,contain,glass,vote,80.6,-8.1,30.2,505.8,31.4,467.4,10.4
34,20221216,M09,P003,majority,realize,once,stand,20.7,-9.22,79.1,274.5,-23.9,366.7,12.5
35,20230322,M05,P012,yeah,prevent,fish,well,7.0,-8.69,9.1,99.8,77.2,194.6,6.9
36,20230522,M06,P010,nature,others,bring,church,30.2,-4.28,96.9,731.0,56.1,419.4,2.6
37,20200531,M03,P019,rule,message,budget,theory,36.0,3.14,68.2,745.1,-12.7,229.1,18.3
38,20200418,M02,P005,hour,establish,role,laugh,98.5,4.97,46.1,509.6,43.0,72.5,15.7
39,20220222,M09,P013,section,population,poor,entire,12.0,-8.74,7.5,873.0,-0.6,189.9,17.7
40,20220624,M01,P013,card,national,sell,help,10.0,1.97,15.2,339.4,-25.7,120.2,15.1
41,20220406,M08,P005,main,thank,budget,situation,35.9,3.48,13.4,248.8,9.6,382.0,14.1
42,20221103,M01,P019,yet,chair,drop,future,52.7,-6.61,18.5,356.8,-36.3,237.2,18.0
43,20240728,M07,P009,which,actually,who,market,70.9,8.96,24.5,289.2,84.9,265.2,3.9
44,20210620,M01,P011,age,ever,dog,share,15.4,-9.28,47.5,970.4,-27.4,61.2,18.0
45,20230527,M02,P004,out,ok,car,measure,17.9,-3.78,24.8,192.9,82.6,304.2,7.2
46,20200615,M05,P014,television,ball,energy,marriage,74.0,-9.09,76.9,338.4,84.7,339.6,10.1
47,20220416,M03,P015,water,true,those,cut,61.4,3.12,32.5,336.5,67.6,23.8,12.5
48,20210708,M05,P009,change,accept,accept,condition,73.6,-2.31,32.3,212.8,33.2,387.9,9.1
49,20210718,M01,P015,each,clearly,bit,another,38.0,-3.57,5.5,342.7,93.2,148.3,2.5
50,20200718,M03,P008,our,amount,worry,campaign,71.4,0.73,32.3,13.4,8.3,451.2,18.8
51,20241119,M02,P002,I,pass,remain,available,60.5,-0.06,54.7,27.1,69.9,361.0,17.3
52,20211210,M08,P017,happy,actually,able,operation,93.2,-6.87,73.3,966.8,12.8,194.7,7.5
53,20240608,M06,P010,hot,education,grow,certainly,37.4,-4.02,15.0,961.3,79.5,131.8,13.6
54,20230902,M02,P001,reality,drug,so,room,36.4,8.81,33.6,742.8,-21.9,73.7,19.4
55,20210821,M08,P006,particular,defense,chance,marriage,1.4,9.2,63.9,16.2,0.4,178.9,5.0
56,20220522,M01,P016,foot,suffer,reason,move,6.3,-9.58,31.3,328.1,-38.1,34.6,8.1
57,20240917,M05,P016,series,bit,future,degree,49.3,4.91,37.3,42.5,3.2,391.4,16.0
58,20240921,M06,P010,actually,degree,remember,nation,19.7,-9.52,86.7,877.4,87.5,318.8,8.4
59,20241110,M01,P006,much,Congress,table,line,75.9,7.97,51.3,265.2,22.6,337.6,9.7
60,20220922,M06,P019,goal,he,federal,suggest,38.5,-1.8,65.8,217.1,20.9,211.2,16.9
61,20200503,M01,P012,moment,future,reach,force,45.5,-5.53,17.8,736.5,87.7,96.2,15.5
62,20201102,M02,P015,threat,chance,sound,section,57.5,-7.64,81.7,109.1,-30.8,359.8,8.0
63,20240829,M08,P004,news,wife,push,cold,32.7,-4.07,19.0,9.1,11.9,266.1,17.0
64,20230608,M02,P013,poor,southern,next,interview,16.6,7.51,7.0,479.5,97.4,315.6,5.8
65,20200407,M09,P018,idea,fall,must,able,8.7,-9.63,44.4,142.3,84.3,280.5,16.7
66,20201029,M07,P014,religious,its,key,provide,68.8,-6.65,61.7,662.5,80.1,101.5,10.2
67,20241116,M07,P015,per,positive,teach,into,42.9,6.99,66.9,45.9,31.9,467.2,4.1
68,20241002,M02,P010,bit,now,add,upon,25.4,-8.27,75.4,871.9,51.8,25.5,9.0
69,20240624,M04,P015,thought,water,financial,chair,18.3,-3.74,7.2,581.7,43.9,68.8,12.5
70,20240601,M09,P002,indeed,entire,look,attorney,76.9,-6.05,96.6,731.5,-9.9,264.7,9.0
71,20200301,M06,P001,star,contain,region,floor,59.1,-8.62,1.8,978.1,-29.1,21.8,7.3
72,20230707,M04,P012,fill,hundred,identify,energy,87.7,1.57,57.4,361.9,-8.8,65.7,9.6
73,20241107,M05,P010,sense,technology,dinner,increase,54.3,8.27,85.3,591.7,58.4,424.5,5.3
74,20211212,M07,P010,behavior,sit,certainly,mission,97.6,-4.13,59.8,362.6,30.9,141.9,5.8
75,20200902,M09,P008,ability,effort,lot,what,96.9,7.27,32.6,669.9,-27.3,398.0,17.7
76,20230709,M05,P012,anything,decide,leg,necessary,40.3,-8.92,30.4,425.7,65.9,133.1,12.5
77,20200606,M09,P015,evening,leader,into,view,49.3,2.4,99.3,633.2,65.7,269.6,9.4
78,20200215,M05,P016,assume,far,Congress,know,26.7,5.83,87.0,606.1,-19.8,499.4,8.8
79,20240321,M02,P009,could,fact,across,town,63.7,7.09,75.2,148.3,-34.7,198.4,13.3
80,20240503,M03,P013,high,sea,body,where,45.2,-3.53,92.2,998.4,26.1,375.1,13.1
81,20240224,M02,P011,agree,nearly,relate,research,12.5,-8.36,56.4,170.7,18.6,429.5,9.6
82,20230626,M03,P016,evidence,could,find,lose,15.4,9.49,95.9,712.7,-35.8,388.7,16.9
83,20221201,M05,P001,head,issue,buy,garden,78.8,6.22,76.7,130.6,-20.5,308.1,10.4
84,20210312,M03,P006,drive,material,financial,successful,82.1,1.36,25.1,283.3,-15.5,486.2,11.9
85,20230504,M05,P019,need,audience,score,visit,71.8,-9.32,22.0,187.1,-20.9,294.9,12.3
86,20200516,M06,P017,role,economy,very,may,60.8,-9.72,92.3,712.6,27.4,21.3,1.8
87,20230321,M04,P007,set,four,first,group,84.3,-3.55,60.7,178.0,93.1,24.4,7.8
88,20211010,M02,P003,put,discover,federal,recognize,99.6,0.45,10.6,753.5,39.1,147.4,8.8
89,20230131,M08,P012,hit,reveal,small,teacher,8.7,-8.65,39.5,745.4,73.2,324.6,15.1
90,20240813,M03,P018,family,might,peace,cell,70.9,7.29,0.9,401.2,42.0,440.6,6.7
91,20230512,M06,P013,realize,good,child,movement,52.0,-4.35,66.4,252.3,19.9,318.8,17.3
92,20220518,M04,P007,step,crime,even,base,31.9,4.35,88.8,402.5,11.3,434.1,16.8
93,20220105,M04,P019,social,feel,learn,report,93.1,-6.4,44.0,940.5,28.4,392.2,19.3
94,20230930,M07,P006,use,sometimes,bring,boy,54.8,0.12,58.1,10.3,47.0,151.1,2.7
95,20221024,M08,P004,network,air,where,customer,24.3,1.45,84.7,376.1,35.7,477.9,11.4
96,20210325,M03,P010,form,cut,become,seek,91.2,3.26,98.4,245.0,-39.7,413.6,0.1
97,20211224,M08,P003,early,send,ten,mind,45.6,6.43,64.1,241.9,90.1,307.8,7.2
98,20220925,M02,P019,avoid,able,realize,specific,94.2,-2.81,87.3,234.5,-14.6,304.6,7.4
99,20220204,M05,P005,high,perform,relate,rest,52.8,-9.26,48.6,725.3,27.4,332.7,12.6
100,20210829,M07,P003,coach,bill,list,soldier,8.0,7.34,88.3,977.0,-9.5,309.0,10.2
101,20220127,M03,P011,hand,key,painting,own,54.6,6.06,85.2,831.3,37.0,470.6,19.8
102,20240123,M08,P001,finally,treat,course,none,45.7,0.41,45.3,589.7,2.9,352.7,15.9
103,20240318,M04,P002,evening,build,effect,respond,23.0,3.35,36.0,544.8,-0.8,457.0,9.1
104,20240916,M04,P006,decade,heart,expect,still,68.2,3.61,54.1,310.5,86.9,265.2,8.1
105,20231218,M04,P001,away,yeah,dark,message,73.7,-4.51,83.6,311.8,-33.8,490.8,3.9
106,20200912,M05,P019,kid,drug,girl,follow,50.9,-6.77,4.5,715.8,-22.2,240.2,4.6
107,20220212,M08,P015,growth,beyond,wind,property,52.8,-0.12,99.0,252.6,98.7,240.9,6.7
108,20230727,M08,P013,talk,those,drop,past,36.9,0.26,65.8,196.0,-18.0,189.9,10.6
109,20230916,M03,P016,set,employee,may,war,75.7,5.25,3.6,541.3,94.1,125.6,16.7
110,20200201,M06,P019,begin,specific,history,hard,67.1,-6.4,0.2,854.5,74.0,362.6,3.6
111,20210911,M02,P006,kid,himself,statement,physical,47.2,-9.87,80.4,426.5,89.1,459.3,4.3
112,20210102,M09,P011,memory,serve,give,development,65.5,9.58,96.2,114.7,11.2,270.4,3.8
113,20200421,M03,P002,entire,policy,they,stay,73.7,7.6,63.2,504.2,79.6,99.7,4.4
114,20241001,M08,P009,others,sell,value,wonder,42.1,5.09,40.5,758.0,18.2,139.4,17.9
115,20210612,M02,P017,indeed,memory,peace,matter,2.7,8.74,89.6,837.8,4.1,272.7,8.0
116,20230430,M06,P009,vote,economic,reflect,pressure,17.7,-5.49,39.4,930.6,88.9,313.5,14.7
117,20210303,M03,P003,one,establish,bring,culture,81.4,8.74,56.3,342.6,22.3,408.0,16.0
118,20221022,M02,P018,establish,not,allow,the,45.7,-3.29,73.2,739.9,-37.4,101.7,12.7
119,20201130,M06,P002,reach,culture,magazine,organization,3.1,-7.59,84.6,57.6,46.7,203.2,9.5
120,20220828,M02,P007,matter,term,series,degree,47.3,-8.66,6.1,376.8,73.7,368.4,0.4
121,20241126,M07,P019,public,station,sort,officer,19.6,7.35,2.5,617.4,49.6,424.1,14.5
122,20200909,M07,P001,cell,wear,site,entire,31.3,3.45,89.0,360.8,17.9,226.7,18.8
123,20220407,M09,P011,floor,way,certain,his,66.6,8.51,85.0,905.3,24.3,464.6,17.8
124,20210629,M01,P016,good,none,near,wall,53.1,7.89,66.4,317.8,82.7,310.6,14.0
125,20200629,M05,P017,begin,how,move,newspaper,83.1,-5.3,54.6,139.1,39.4,10.1,16.0
126,20210805,M01,P015,reduce,be,project,expert,99.0,6.44,62.3,283.6,-4.5,241.2,6.4
127,20240820,M02,P015,democratic,shoulder,yeah,ahead,28.1,-1.31,78.6,305.1,-36.3,85.4,18.4
128,20241024,M08,P013,let,thank,who,number,7.0,-0.13,83.9,522.2,7.6,399.2,10.2
129,20230103,M07,P006,after,unit,free,brother,21.9,-4.01,16.0,302.9,69.3,327.4,13.8
130,20211218,M04,P005,couple,chance,money,again,93.1,-6.36,70.5,158.3,53.4,274.5,15.2
131,20230707,M07,P009,control,such,method,address,14.3,9.43,87.0,765.1,-3.0,214.2,11.0
132,20201127,M05,P012,help,before,evidence,over,4.5,-1.58,97.0,341.3,-0.0,335.1,0.5
133,20230409,M03,P018,me,finally,foreign,race,36.5,4.76,22.2,839.6,33.0,230.7,17.5
134,20211113,M04,P018,forward,thing,compare,drop,54.9,2.17,91.3,47.8,83.0,341.6,10.8
135,20240328,M08,P018,win,weight,speech,main,29.8,-2.24,66.8,488.5,21.7,394.6,14.6
136,20220726,M04,P019,and,yet,wife,range,19.7,-7.62,20.1,849.7,-27.4,436.3,13.1
137,20220221,M06,P016,during,east,lawyer,develop,65.5,6.86,63.5,547.0,67.0,193.8,0.9
138,20220702,M08,P014,American,sure,American,relationship,80.6,4.22,49.0,319.3,-25.8,82.3,11.6
139,20210908,M04,P017,save,walk,how,administration,53.8,6.54,96.3,881.7,3.4,314.3,1.9
140,20230708,M07,P002,at,across,behind,central,28.4,3.45,89.2,774.4,11.5,119.0,11.6
141,20240901,M08,P011,mouth,increase,many,nor,10.2,-8.62,57.3,93.9,46.8,215.1,0.1
142,20200525,M05,P008,run,choose,tend,mother,10.1,-7.48,55.6,142.8,-5.1,139.6,2.3
143,20220126,M07,P009,training,into,leg,who,95.2,-3.46,85.0,405.5,11.2,206.3,8.5
144,20231212,M01,P018,bed,phone,oil,four,84.3,8.35,10.8,552.1,-8.1,307.0,6.7
145,20230710,M08,P010,much,loss,majority,live,78.3,-7.0,44.4,931.0,19.8,295.2,11.0
146,20211214,M02,P007,present,shoulder,stand,consumer,56.5,-1.18,98.5,739.0,93.8,447.6,13.7
147,20200109,M06,P008,short,open,worry,game,23.1,1.33,18.9,215.5,-30.0,342.3,7.4
148,20210907,M08,P014,and,break,color,TV,13.8,-1.11,18.9,499.7,-19.9,139.3,6.1
149,20210302,M09,P011,point,adult,wait,majority,69.9,-0.84,43.5,520.7,99.9,305.0,12.1
150,20240906,M07,P002,experience,expect,player,staff,2.4,5.88,7.3,480.8,40.2,401.4,3.4
151,20221104,M09,P013,yard,how,material,oil,85.1,-5.45,24.6,652.3,-4.4,251.6,10.4
152,20200910,M04,P013,public,chance,produce,heavy,19.9,8.11,84.0,454.1,-15.8,436.8,15.6
153,20200823,M03,P010,listen,development,gas,system,78.4,2.97,13.4,342.3,23.2,404.3,0.3
154,20211216,M06,P013,decide,south,enjoy,agreement,24.7,8.3,57.1,21.3,97.0,421.4,11.6
155,20211213,M02,P006,popular,painting,range,task,32.2,0.56,75.8,851.4,97.8,221.3,18.5
156,20240927,M03,P003,section,responsibility,financial,attention,45.6,7.14,70.1,279.2,30.4,97.9,3.5
157,20230402,M03,P013,over,rule,list,maintain,97.6,-8.37,84.6,336.8,-26.1,171.6,14.6
158,20241112,M04,P013,lot,religious,any,development,90.2,-2.71,6.9,980.0,36.5,230.3,2.1
159,20220523,M03,P009,stock,institution,character,blood,84.9,7.31,29.1,224.9,4.9,7.8,5.9
160,20240131,M04,P011,hospital,son,office,ago,7.1,3.44,24.1,911.9,83.0,421.0,9.8
161,20240221,M07,P003,laugh,must,simple,send,12.6,9.29,2.0,774.3,5.9,199.1,9.9
162,20210326,M09,P007,themselves,page,increase,last,62.2,5.13,25.5,453.4,50.4,370.4,4.8
163,20220920,M03,P013,voice,claim,parent,fall,57.5,6.17,5.7,933.6,-37.1,156.5,6.7
164,20210226,M09,P005,nation,network,significant,speak,81.2,-1.72,32.6,205.9,66.9,359.4,4.5
165,20200512,M08,P002,wrong,else,forward,better,67.8,2.78,24.4,253.1,-21.2,87.5,18.6
166,20211217,M08,P018,remain,back,prevent,research,83.0,9.76,64.3,220.3,19.1,359.0,16.2
167,20230405,M07,P006,issue,wish,senior,capital,3.3,-7.94,39.2,490.1,40.5,86.3,11.2
168,20241027,M06,P012,attorney,single,never,small,36.1,5.41,38.2,645.6,17.5,150.0,15.5
169,20240517,M02,P002,appear,check,available,fly,81.9,3.61,24.6,166.9,15.2,355.6,11.6
170,20220710,M04,P014,bit,pattern,doctor,Mrs,45.0,-1.83,38.6,660.4,-25.8,309.3,11.8
171,20240825,M04,P003,TV,wait,give,play,18.4,-9.24,96.3,729.1,-32.0,237.8,10.3
172,20220523,M03,P004,rule,probably,including,others,88.1,-6.04,17.6,430.0,45.6,112.6,16.9
173,20220219,M01,P006,approach,military,control,agreement,35.0,4.48,77.2,414.1,-21.0,180.2,13.6
174,20221124,M01,P018,bill,sort,trade,idea,85.6,-8.26,46.1,649.7,36.6,105.2,8.0
175,20200626,M03,P016,particular,president,news,fact,45.7,-4.92,18.0,606.3,71.5,147.3,3.7
176,20230524,M01,P006,language,room,everything,follow,17.3,7.89,23.7,346.1,59.9,321.8,0.3
177,20220106,M06,P019,red,rather,western,stuff,45.0,-9.64,75.9,162.2,29.2,119.5,3.3
178,20210710,M02,P007,still,poor,your,about,51.1,-1.41,14.0,479.2,-24.2,403.1,2.8
179,20210922,M08,P007,PM,read,financial,everyone,25.9,5.78,78.8,538.5,-35.5,321.9,17.9
180,20230331,M02,P010,manage,debate,brother,seem,81.8,-9.18,41.4,644.2,-38.2,149.7,10.2
181,20230202,M08,P014,strong,spend,tough,perhaps,23.0,3.1,21.7,330.2,60.5,150.3,2.8
182,20220813,M07,P003,anyone,size,still,industry,58.2,-4.3,64.0,734.3,-4.6,385.0,5.5
183,20230705,M09,P019,third,into,scene,result,86.1,8.53,83.1,38.9,9.5,21.5,11.3
184,20220619,M08,P002,factor,popular,similar,bit,28.1,-0.07,55.0,896.3,82.4,233.3,6.6
185,20230127,M08,P012,lead,through,grow,discussion,95.2,-1.39,26.7,900.7,65.3,301.2,12.6
186,20200724,M02,P009,what,adult,middle,laugh,82.2,-5.19,55.9,202.2,39.4,252.3,16.2
187,20221202,M07,P009,fire,floor,list,later,35.3,3.12,48.8,400.0,-2.2,313.3,1.0
188,20240831,M08,P018,energy,ask,economy,close,51.4,5.95,59.5,302.0,-28.9,368.2,18.4
189,20210520,M06,P006,voice,represent,morning,small,24.7,3.7,16.2,926.6,-37.1,46.8,2.4
190,20210406,M03,P016,picture,wall,successful,they,9.0,0.55,94.7,845.5,-38.5,318.9,13.5
191,20210206,M07,P016,talk,company,trouble,task,27.5,-4.83,89.0,778.4,-16.1,168.3,9.7
192,20201027,M07,P001,Mrs,best,billion,pressure,20.9,9.99,93.6,999.8,51.9,158.5,6.5
193,20210113,M05,P017,board,discover,community,about,97.2,-1.42,92.2,780.7,-23.0,198.8,11.8
194,20231030,M05,P003,yes,response,movement,never,92.7,-8.05,34.6,405.8,22.4,20.6,10.6
195,20240702,M01,P012,maybe,employee,trip,whether,70.9,0.57,6.3,372.9,13.7,282.9,0.9
196,20220401,M03,P001,team,bank,note,goal,16.7,-2.4,36.6,718.9,-26.0,65.6,5.1
197,20211029,M04,P002,quality,leave,car,medical,12.5,-0.14,71.1,811.5,-32.8,85.5,8.2
198,20200104,M08,P008,show,share,economy,skill,41.8,-1.54,28.4,984.5,10.1,467.3,2.8
199,20231104,M07,P019,up,garden,after,social,56.8,3.94,34.7,792.8,86.4,116.7,5.3
200,20210811,M06,P012,stop,not,name,interesting,88.6,8.57,4.4,988.2,56.9,262.8,18.6
201,20240724,M01,P007,what,animal,under,rate,67.4,-9.98,90.4,848.1,69.8,477.2,15.1
202,20221123,M08,P001,view,have,boy,land,41.0,-0.16,81.1,834.5,-15.3,203.7,8.7
203,20230802,M05,P013,production,actually,break,event,28.4,-4.44,37.8,131.6,65.5,291.6,4.6
204,20200613,M09,P013,military,road,sport,send,54.4,8.52,35.1,897.4,44.3,198.2,9.9
205,20220319,M04,P009,know,rise,professional,live,37.2,-0.05,18.5,294.9,70.8,296.5,2.1
206,20220601,M04,P011,learn,policy,lead,each,46.0,-5.33,46.7,249.9,42.9,411.9,11.0
207,20201106,M09,P014,realize,within,side,avoid,41.1,5.15,41.1,793.0,86.2,345.3,13.7
208,20201004,M06,P008,in,available,late,central,97.4,-6.44,92.1,119.5,-35.2,363.5,19.9
209,20220106,M01,P010,threat,daughter,else,job,31.5,4.85,16.7,447.3,8.4,390.2,6.6
210,20221219,M06,P016,act,much,performance,it,40.1,-8.91,12.9,176.5,0.4,415.7,10.7
211,20230424,M06,P003,better,wall,drop,part,56.9,-1.19,23.0,770.5,18.4,118.8,18.0
212,20220117,M05,P011,deep,main,military,particularly,1.8,3.83,59.0,83.9,-5.8,314.2,7.6
213,20220327,M01,P013,those,reduce,section,million,60.1,-1.81,37.3,942.1,-11.9,123.7,7.4
214,20240821,M03,P006,state,move,recognize,medical,7.7,3.24,34.1,239.7,1.6,464.8,14.6
215,20210414,M08,P002,occur,course,once,mention,93.8,1.15,71.8,628.6,18.4,19.4,1.1
216,20200504,M05,P007,play,much,director,make,96.2,4.37,9.2,729.0,71.6,316.5,15.3
217,20210923,M08,P001,always,water,hospital,energy,3.4,-3.0,29.1,76.8,40.4,433.7,19.8
218,20210513,M07,P011,media,up,relationship,behind,11.7,7.2,35.1,383.3,-24.4,179.3,2.7
219,20230301,M01,P002,four,degree,size,success,29.4,-6.54,49.1,6.9,22.9,73.1,2.2
220,20220429,M04,P006,success,those,development,minute,58.7,8.75,94.1,307.9,-34.3,72.6,10.5
221,20210322,M03,P012,wish,feeling,executive,two,0.9,-6.6,89.6,960.9,-0.8,344.0,8.4
222,20220531,M07,P019,argue,foot,or,concern,34.2,-1.44,77.2,955.2,-1.9,120.0,7.6
223,20230713,M06,P019,life,significant,push,east,38.7,9.85,8.8,479.0,96.2,14.8,8.1
224,20210323,M03,P006,well,best,although,technology,29.5,-9.58,54.7,658.7,-35.4,330.7,1.5
225,20210826,M05,P016,throw,race,white,own,3.4,2.49,16.6,374.5,35.6,213.3,19.3
226,20220727,M02,P006,mission,him,boy,me,21.2,-3.93,34.8,329.8,94.3,31.9,13.9
227,20200708,M09,P006,research,wife,agree,more,16.6,-7.12,12.2,726.4,64.0,499.2,10.3
228,20231208,M08,P019,have,now,tax,book,33.2,-8.37,58.9,78.3,34.8,352.5,15.6
229,20240805,M05,P010,month,purpose,whose,do,92.4,7.88,68.8,921.8,-20.6,192.9,18.4
230,20220211,M04,P015,contain,necessary,identify,side,25.9,1.79,86.4,288.1,66.8,382.6,3.5
231,20221103,M07,P014,east,just,doctor,picture,60.7,6.1,68.0,23.9,42.3,421.9,8.3
232,20200503,M09,P019,memory,large,line,cultural,79.5,6.67,21.6,990.1,-20.2,149.3,3.1
233,20240403,M09,P005,manager,method,service,certain,10.2,3.7,48.8,412.6,55.3,307.6,4.1
234,20240530,M02,P004,mouth,spring,child,culture,43.3,6.17,38.2,6.9,61.9,92.3,19.2
235,20240720,M08,P018,probably,mean,no,say,72.0,4.62,21.5,34.7,-4.1,32.5,16.4
236,20221103,M09,P014,camera,card,significant,shake,45.0,-7.26,58.2,814.2,77.3,404.1,1.9
237,20230315,M09,P002,situation,trouble,recent,us,50.8,-4.44,20.5,640.1,98.9,350.3,5.4
238,20220828,M01,P002,out,million,item,approach,44.4,8.45,88.5,779.1,51.3,1.8,9.8
239,20210506,M03,P012,your,special,pattern,sign,96.1,-2.44,7.1,566.7,66.5,446.9,10.4
240,20230725,M06,P006,truth,travel,picture,certainly,89.2,-3.9,39.6,428.8,-38.5,345.1,9.4
241,20220823,M07,P001,easy,fund,then,movement,40.1,1.88,72.3,68.7,7.8,205.9,11.0
242,20210817,M03,P013,memory,light,either,market,74.0,9.0,24.3,874.1,36.2,265.7,12.6
243,20210425,M07,P017,eight,especially,modern,mouth,77.1,1.29,18.1,439.8,8.1,384.6,11.2
244,20200606,M03,P009,hear,me,collection,push,44.3,-6.21,18.3,987.5,46.3,231.8,11.7
245,20241006,M08,P001,tonight,more,use,trip,91.2,-5.48,54.5,418.7,92.5,7.6,2.0
246,20220121,M06,P015,part,entire,scientist,next,21.8,0.99,9.9,535.3,-3.3,481.1,7.4
247,20210310,M01,P019,box,however,answer,in,73.3,0.49,63.2,280.0,15.2,51.6,7.0
248,20210721,M04,P018,both,experience,face,idea,36.4,3.93,0.2,361.1,17.0,434.2,16.5
249,20241126,M05,P014,throw,democratic,measure,likely,45.0,-3.96,8.6,597.8,24.3,360.1,14.9
250,20220627,M08,P017,where,wind,national,five,72.5,-2.14,21.4,508.1,64.0,166.6,15.5
251,20200306,M04,P015,set,condition,plant,heavy,22.0,-2.31,69.1,802.7,-15.3,351.2,18.7
252,20221226,M08,P001,sing,fine,it,happen,13.5,-9.64,29.9,46.1,-5.4,381.2,15.2
253,20200809,M05,P017,participant,next,you,most,35.1,0.29,86.7,296.5,62.3,290.9,9.8
254,20200821,M03,P001,fill,fact,partner,song,2.8,-8.78,97.2,50.6,25.3,326.2,9.7
255,20230905,M05,P012,it,social,kid,day,40.5,-1.02,42.3,277.9,79.1,301.4,19.2
256,20210304,M07,P009,indicate,leave,light,page,54.6,1.22,72.8,433.7,-24.1,183.3,17.0
257,20210312,M01,P015,democratic,air,bit,analysis,2.9,-8.98,46.8,879.1,11.6,340.7,12.3
258,20230714,M03,P013,modern,institution,sometimes,that,49.0,1.11,30.6,909.7,93.6,211.4,6.1
259,20221228,M08,P004,term,police,leg,media,82.6,-6.69,35.9,893.6,-2.9,16.6,9.2
260,20200212,M08,P003,college,community,smile,space,82.8,5.37,96.4,470.4,-5.7,135.9,15.4
261,20241128,M05,P003,lose,what,plant,wrong,39.7,-9.78,96.3,585.4,-34.7,260.6,8.3
262,20240408,M05,P011,six,instead,both,health,92.7,-2.93,9.1,653.3,26.7,40.2,19.5
263,20220101,M07,P001,have,page,song,red,72.1,3.99,65.0,713.8,38.5,129.5,7.2
264,20240314,M05,P011,cultural,audience,nor,more,63.0,8.94,18.4,608.0,23.2,442.3,12.1
265,20220217,M06,P016,fund,field,remember,yard,37.1,-6.86,29.0,929.1,49.4,142.0,17.5
266,20200522,M07,P005,politics,participant,occur,mission,18.1,-4.39,55.4,31.8,-7.8,195.8,15.9
267,20230309,M06,P008,material,fall,its,blood,2.4,-5.87,24.4,571.8,6.5,377.7,15.4
268,20200718,M02,P017,people,wear,experience,little,18.8,9.36,29.5,591.0,30.3,29.1,8.1
269,20230624,M08,P003,agent,final,stay,worker,71.3,-7.18,34.2,721.7,53.3,101.0,0.4
270,20200424,M02,P005,produce,be,final,hard,77.0,9.1,96.4,463.7,-39.3,20.3,0.2
271,20200602,M03,P005,want,either,response,purpose,10.1,-2.66,7.8,829.6,77.7,327.1,19.3
272,20220202,M07,P006,see,where,food,approach,95.1,-8.85,90.4,102.5,85.8,306.4,18.3
273,20200217,M02,P004,firm,organization,imagine,agreement,2.9,1.66,69.6,142.2,30.2,75.4,19.2
274,20200421,M08,P011,heart,him,note,social,47.6,-9.95,29.5,57.4,78.4,392.2,1.0
275,20230913,M08,P007,get,condition,pull,physical,57.5,-3.28,9.0,989.1,39.9,398.0,3.7
276,20200509,M02,P013,arm,between,sound,television,27.7,-1.27,54.3,457.7,31.3,15.0,14.3
277,20220517,M08,P016,hospital,this,on,note,0.3,1.01,84.6,883.6,-37.9,478.6,18.6
278,20220427,M01,P004,when,simply,score,certain,71.9,1.22,73.1,840.3,23.2,113.3,1.0
279,20220110,M06,P007,particular,eat,what,road,14.0,-0.17,65.6,402.6,-33.7,483.5,7.8
280,20230607,M04,P004,interesting,pattern,may,laugh,17.4,1.51,94.7,246.2,31.6,475.1,11.6
281,20231216,M09,P002,run,apply,value,feel,18.7,-1.51,48.0,706.6,35.1,192.5,10.8
282,20220801,M01,P012,actually,hold,hundred,discover,37.5,-5.89,47.0,755.4,46.4,232.4,3.1
283,20201215,M04,P012,wish,fight,those,moment,1.1,-4.06,96.3,810.0,79.7,324.6,16.2
284,20200119,M06,P007,watch,learn,value,best,66.6,8.49,10.6,130.4,25.4,342.4,11.2
285,20240215,M03,P014,style,seven,man,son,3.9,-3.0,11.5,564.1,-29.1,284.8,6.2
286,20240210,M09,P011,machine,first,budget,computer,70.0,5.38,45.4,443.2,71.2,285.7,0.8
287,20211110,M09,P005,star,need,street,individual,41.7,6.88,83.1,73.7,8.2,481.1,7.2
288,20210315,M06,P019,possible,source,front,walk,25.2,-0.35,93.8,706.1,12.2,36.8,5.6
289,20221129,M03,P009,benefit,it,example,score,78.1,-4.61,61.8,367.7,1.2,455.2,3.3
290,20221029,M08,P005,in,throughout,few,sense,0.3,-4.31,88.8,899.7,49.7,66.7,8.2
291,20240101,M06,P012,next,memory,no,visit,94.6,-9.44,58.3,893.9,45.8,207.7,7.9
292,20211014,M06,P019,spend,today,air,actually,18.8,-7.72,30.9,52.7,10.1,257.6,2.9
293,20210120,M04,P009,Mrs,how,race,watch,35.4,-6.49,46.5,596.5,37.1,381.4,16.5
294,20210126,M07,P014,structure,tree,lawyer,can,95.9,-2.91,45.4,417.7,-8.2,78.1,2.5
295,20240114,M04,P006,box,pattern,new,tough,69.6,-2.07,88.9,461.1,95.3,19.8,6.2
296,20230801,M06,P015,some,write,discover,list,25.2,-2.15,28.3,50.5,74.2,492.1,6.2
297,20230804,M03,P012,subject,social,garden,would,73.6,-0.48,29.5,313.2,51.9,399.1,8.7
298,20241119,M06,P011,should,add,hit,various,97.6,-9.34,45.9,436.5,12.1,458.2,13.1
299,20200307,M09,P001,best,west,unit,hard,31.8,1.8,17.6,38.9,-17.6,453.6,15.6
300,20241001,M03,P002,safe,short,thousand,form,23.9,5.79,91.9,706.4,59.1,23.2,11.2
301,20240517,M05,P019,technology,approach,ago,institution,33.9,5.04,61.3,509.2,-21.2,182.0,12.2
302,20200920,M03,P004,blue,term,prove,where,99.9,-7.96,31.0,789.1,62.5,51.5,10.1
303,20240823,M07,P014,few,draw,PM,yet,35.8,5.38,1.5,548.6,30.6,352.4,2.8
304,20240123,M05,P004,fast,sure,account,treat,84.0,2.3,80.5,303.0,-22.6,187.7,2.7
305,20200408,M01,P010,produce,run,material,real,82.2,-2.63,62.5,75.4,-20.1,44.8,7.6
306,20210810,M05,P008,free,ability,quality,hope,94.1,6.69,12.1,916.5,43.3,407.6,18.6
307,20241228,M07,P002,majority,black,base,able,96.5,4.14,57.6,643.1,-23.6,275.2,15.0
308,20220714,M03,P019,outside,build,mission,agent,55.7,-3.8,8.8,91.0,5.4,289.5,3.2
309,20240919,M07,P011,research,where,themselves,media,64.1,1.89,69.2,834.9,97.4,295.6,6.6
310,20210609,M02,P001,word,account,stuff,probably,47.5,0.91,36.8,729.3,14.7,191.9,7.6
311,20200825,M02,P016,age,democratic,morning,develop,72.5,5.13,17.4,889.6,85.6,96.6,13.9
312,20240306,M01,P016,everyone,environment,into,scientist,63.6,-7.07,3.0,386.1,61.0,55.2,11.8
313,20210624,M02,P018,without,information,understand,should,61.0,4.71,68.1,560.0,-39.6,249.9,2.5
314,20220607,M05,P017,join,morning,clearly,some,27.2,-8.72,25.3,126.1,-30.4,489.9,17.0
315,20210128,M07,P006,home,Republican,face,rate,89.2,-4.39,63.4,601.8,4.2,421.0,0.4
316,20230112,M09,P009,early,six,laugh,nothing,66.6,-1.31,44.0,790.9,99.5,354.5,8.5
317,20240305,M06,P012,campaign,house,prepare,performance,13.0,-6.34,12.6,566.4,20.3,179.9,11.5
318,20240419,M09,P005,successful,future,factor,call,64.2,-0.37,51.1,532.5,41.4,57.3,19.0
319,20211029,M06,P003,pass,away,management,study,77.0,8.24,39.3,234.3,72.1,288.3,18.5
320,20210814,M04,P018,attention,many,hard,old,13.1,8.64,3.2,275.3,39.9,416.8,15.1
321,20220412,M03,P006,coach,child,entire,care,50.7,3.72,0.8,888.4,68.2,225.0,1.8
322,20200720,M07,P013,near,foot,partner,question,13.9,-9.1,79.7,776.0,-15.7,201.8,10.5
323,20241124,M06,P003,mention,sea,officer,reflect,30.5,7.21,51.9,545.5,-38.8,27.6,5.8
324,20200319,M07,P002,sound,simple,room,game,20.2,8.3,1.1,956.9,85.7,435.3,1.0
325,20241113,M01,P002,try,hit,cultural,about,81.6,-5.42,82.8,837.8,35.2,473.0,6.9
326,20200610,M01,P019,any,seat,oil,second,69.6,-1.61,65.7,622.8,55.8,259.3,12.2
327,20221113,M08,P007,town,grow,young,director,77.7,2.99,3.5,231.7,73.3,67.2,0.1
328,20230816,M09,P014,drug,remain,drug,authority,36.4,-8.83,82.9,502.8,18.3,437.6,6.4
329,20240122,M07,P010,career,return,middle,alone,5.4,6.88,64.6,874.3,56.3,6.7,15.4
330,20200529,M02,P014,city,work,write,single,55.3,1.58,34.2,613.3,-7.3,49.3,12.9
331,20240722,M08,P002,whose,water,rather,street,60.1,9.02,25.0,823.1,-19.2,53.5,3.8
332,20220615,M05,P006,adult,ground,and,job,15.6,-6.52,19.9,884.7,-31.0,406.1,18.9
333,20220221,M01,P011,red,adult,ten,role,48.2,5.53,95.0,871.0,81.4,294.5,19.8
334,20210221,M05,P019,she,eight,carry,example,68.9,2.07,1.3,330.4,-29.3,50.8,10.3
335,20240827,M04,P018,throw,easy,within,involve,54.2,-6.62,39.3,153.9,65.2,177.8,19.3
336,20210726,M03,P009,section,air,particularly,responsibility,66.2,-2.78,58.3,51.3,-11.5,126.3,14.9
337,20231028,M07,P007,rich,enough,there,medical,92.5,6.31,12.1,620.0,87.4,210.2,0.0
338,20210810,M01,P016,small,list,fill,community,68.1,7.25,83.6,518.9,61.0,282.4,2.9
339,20210528,M04,P009,reflect,save,over,sometimes,56.1,4.5,91.8,534.1,16.2,279.1,13.6
340,20220403,M04,P012,animal,simply,foreign,lot,87.4,9.26,79.7,238.8,22.3,87.5,13.0
341,20200719,M06,P017,talk,impact,cultural,foot,74.2,3.45,16.2,275.8,66.1,169.5,13.5
342,20200831,M01,P003,spring,true,anyone,ability,86.6,9.2,0.3,65.4,17.1,222.4,1.7
343,20220409,M03,P007,along,raise,you,either,30.4,-7.07,98.3,111.9,-23.4,20.5,13.0
344,20201217,M09,P007,think,magazine,sing,mind,93.3,2.81,51.0,756.9,29.4,290.7,2.2
345,20231130,M03,P015,decade,necessary,relate,other,38.2,8.69,39.9,767.0,-35.8,153.3,13.5
346,20200825,M03,P010,direction,human,white,two,27.7,-9.96,81.5,999.2,66.8,142.0,1.4
347,20240202,M03,P018,table,successful,well,wonder,55.1,4.7,54.9,909.9,-8.0,113.8,4.7
348,20200513,M05,P002,method,boy,idea,future,28.5,9.28,22.6,264.4,-31.7,491.5,5.6
349,20221205,M09,P009,your,worker,feeling,everybody,42.8,8.56,4.9,306.6,-22.8,42.4,7.3
350,20220123,M07,P011,body,friend,book,meeting,39.3,6.9,25.4,60.4,43.5,395.7,7.9
351,20230330,M06,P012,together,watch,parent,group,5.8,3.75,9.5,571.0,-14.8,286.8,7.0
352,20200220,M07,P001,focus,wrong,water,cold,93.0,0.16,99.1,308.5,93.9,99.5,12.7
353,20221116,M05,P010,act,tree,entire,drug,67.5,-0.23,27.9,953.3,-6.2,132.7,3.2
354,20220921,M02,P003,onto,clear,feeling,film,28.3,-1.02,95.5,461.9,26.6,448.4,16.2
355,20231118,M03,P014,movie,peace,area,inside,14.5,-5.38,33.1,873.1,-12.0,118.0,16.0
356,20210921,M01,P004,citizen,much,best,mind,66.4,-3.17,20.7,283.4,63.3,294.5,15.4
357,20220811,M08,P012,after,mother,read,involve,2.9,-4.91,26.9,550.1,-30.6,81.9,13.6
358,20240910,M05,P012,early,debate,process,it,88.0,3.32,67.9,404.1,34.9,233.1,6.4
359,20231017,M01,P007,certainly,everyone,think,herself,70.6,3.25,76.7,145.2,17.2,223.7,2.2
360,20230609,M06,P008,likely,author,college,consider,44.4,2.7,51.3,54.9,40.1,367.5,1.7
361,20220608,M07,P010,this,miss,story,market,19.4,-6.87,8.6,272.4,48.2,148.8,7.5
362,20230326,M04,P003,sea,result,animal,wonder,71.8,6.62,57.8,369.4,-37.9,297.9,5.5
363,20220619,M05,P003,past,always,large,sit,3.6,-9.44,74.8,750.5,27.7,254.5,8.5
364,20200716,M02,P012,before,course,they,research,59.9,1.85,56.5,279.5,28.6,375.8,15.8
365,20220516,M05,P017,speech,of,article,one,29.1,-9.38,87.4,790.5,36.8,466.9,2.5
366,20200501,M02,P013,head,meeting,view,attorney,91.9,6.42,26.6,83.8,4.3,6.2,18.5
367,20210812,M08,P003,executive,western,movement,only,86.2,2.92,69.1,509.0,82.3,275.6,3.9
368,20200429,M09,P002,message,happy,son,cover,73.4,1.63,59.5,973.2,-22.8,36.3,3.3
369,20231012,M02,P013,center,either,risk,significant,47.5,2.38,48.1,163.4,2.1,115.3,8.7
370,20220816,M05,P015,painting,population,ago,year,63.9,-1.12,29.4,617.4,100.0,236.6,0.9
371,20200723,M03,P016,cut,board,choose,agency,32.5,-6.51,93.4,83.8,-36.0,266.0,12.6
372,20220705,M01,P009,threat,hundred,image,arm,57.9,0.28,43.2,734.5,-33.5,70.1,18.1
373,20210507,M09,P018,yourself,staff,stock,happy,12.6,-9.95,72.4,710.1,14.1,281.5,16.2
374,20231012,M04,P015,us,partner,must,Democrat,51.5,-5.44,72.5,808.7,70.8,236.8,4.2
375,20241002,M02,P013,although,walk,choose,thought,63.4,2.18,21.3,268.4,-29.4,254.4,19.0
376,20221226,M07,P003,lead,century,opportunity,follow,18.8,4.51,73.0,353.3,-32.2,244.8,11.1
377,20200826,M01,P010,role,process,stuff,option,32.4,-9.66,77.6,883.3,-21.5,478.5,19.5
378,20220312,M09,P018,marriage,when,attack,pass,13.9,3.05,66.7,272.9,75.5,176.8,1.5
379,20221213,M06,P005,left,government,full,at,17.1,-9.18,77.6,261.0,32.1,70.9,15.0
380,20230531,M06,P010,factor,in,level,consider,73.6,-4.6,45.0,761.0,-20.1,116.7,4.9
381,20240428,M03,P010,feel,concern,court,commercial,99.8,2.2,14.2,771.7,86.6,269.2,9.9
382,20210826,M04,P002,join,single,play,board,96.1,3.35,41.0,375.9,66.3,172.1,17.5
383,20220214,M08,P011,end,medical,entire,side,72.5,-9.46,50.0,37.9,51.2,37.9,11.9
384,20240506,M01,P014,including,explain,finally,old,98.9,-2.77,34.8,740.2,59.8,478.5,9.4
385,20210220,M09,P010,another,tree,else,day,34.0,4.97,49.7,577.2,-26.3,275.8,2.4
386,20200626,M09,P010,firm,there,eight,conference,46.5,-9.63,28.1,974.3,12.5,214.6,3.5
387,20220814,M03,P005,beat,mouth,form,fear,84.0,-8.11,38.0,489.9,3.9,493.0,3.8
388,20230323,M09,P012,west,arrive,election,do,57.4,1.6,80.9,982.8,11.8,271.4,7.6
389,20240902,M06,P009,party,policy,have,floor,9.2,-5.54,38.0,606.4,88.0,33.6,17.8
390,20200201,M06,P018,than,yet,other,better,3.7,8.5,32.1,973.5,1.1,471.6,3.7
391,20210615,M08,P015,talk,difficult,debate,thousand,58.8,-2.74,77.8,277.9,50.8,185.8,3.3
392,20200121,M05,P003,among,ten,dinner,style,40.1,9.76,82.4,234.4,-3.0,226.2,14.7
393,20210325,M08,P007,continue,you,determine,present,5.8,-9.14,73.0,20.8,81.1,492.9,18.7
394,20230118,M08,P007,drop,fight,bring,where,49.0,0.69,10.8,95.9,91.7,493.0,6.9
395,20200122,M05,P006,community,sometimes,might,at,77.1,9.99,14.6,735.2,31.4,60.2,14.0
396,20221019,M07,P017,TV,state,political,test,10.0,-1.38,48.0,310.6,98.0,429.6,8.8
397,20200424,M02,P004,decide,lead,near,sign,65.2,-2.3,34.0,320.4,70.2,186.1,5.0
398,20211026,M09,P015,policy,quickly,oil,idea,26.4,0.22,55.4,959.4,-0.7,179.0,2.8
399,20220426,M03,P013,room,list,consumer,occur,86.3,-3.0,90.3,645.0,33.3,94.4,15.9
400,20211030,M09,P013,course,event,especially,west,67.2,0.54,86.6,975.8,30.6,145.9,9.3
401,20231201,M06,P011,floor,challenge,sport,gun,1.6,-2.83,80.4,871.1,31.1,156.0,5.0
402,20241215,M07,P010,safe,everything,first,will,10.3,3.25,7.6,408.2,-33.1,434.4,5.4
403,20230824,M06,P004,miss,main,poor,dog,61.0,-2.34,81.1,6.9,71.7,485.4,5.6
404,20220326,M03,P017,teacher,skin,through,particular,35.5,4.87,10.2,184.0,-15.5,353.9,7.7
405,20220218,M04,P018,decide,performance,both,right,48.2,-6.69,7.6,648.2,23.6,379.1,18.2
406,20200918,M02,P006,travel,long,physical,with,5.7,-9.68,67.1,94.7,40.7,497.0,1.9
407,20221113,M02,P012,wall,fund,how,politics,79.6,-2.26,23.0,169.3,96.8,255.7,19.2
408,20200816,M06,P005,under,expert,next,common,38.0,-3.95,72.5,642.3,88.8,101.5,12.5
409,20210406,M03,P009,health,group,staff,style,52.3,1.58,37.6,718.4,13.0,354.9,10.9
410,20200508,M08,P015,others,second,north,turn,8.5,-3.37,38.1,496.9,-5.7,197.0,15.6
411,20241211,M02,P008,write,husband,card,media,82.3,5.82,74.7,707.0,45.8,462.7,16.1
412,20230818,M04,P014,per,fear,itself,when,86.9,-1.2,87.3,503.2,-38.8,326.3,2.3
413,20230611,M07,P019,why,increase,dinner,of,71.3,4.08,82.7,346.2,90.6,166.0,19.8
414,20200812,M03,P019,home,boy,majority,road,64.0,8.15,35.1,602.7,95.6,291.5,5.9
415,20220731,M01,P004,clearly,however,quite,space,43.4,-8.73,13.2,446.9,97.3,274.8,4.4
416,20200630,M05,P007,foot,realize,push,image,36.0,-3.63,14.8,572.8,11.0,204.5,8.7
417,20221115,M01,P012,movie,hand,responsibility,couple,59.4,3.3,46.0,543.1,-32.6,201.6,17.4
418,20240401,M05,P018,in,not,recent,suddenly,77.8,-7.83,47.5,603.1,30.4,112.0,7.2
419,20241220,M06,P010,TV,month,difficult,scientist,66.8,3.68,87.6,76.8,50.7,230.2,11.3
420,20201103,M05,P009,yes,worker,analysis,trial,37.6,-8.76,2.4,655.2,81.1,399.3,7.3
421,20220903,M08,P008,general,wind,very,friend,60.9,-8.71,70.1,434.3,78.7,111.9,1.1
422,20221103,M03,P017,four,public,political,executive,82.8,-3.88,98.6,694.0,64.2,9.2,0.2
423,20230509,M02,P006,manager,picture,ten,report,25.5,-1.01,75.9,76.5,37.9,176.0,18.2
424,20201123,M01,P016,wish,American,view,pressure,57.4,-1.26,5.4,45.7,-15.5,481.2,8.8
425,20220518,M04,P008,public,simply,police,knowledge,25.0,0.42,31.1,783.4,-37.5,323.7,11.5
426,20221110,M05,P016,conference,care,ready,several,17.0,6.38,25.1,568.2,61.3,233.0,9.0
427,20231209,M04,P005,now,hour,less,agreement,54.5,5.62,27.1,741.3,-36.7,457.8,3.7
428,20211203,M08,P002,white,military,recognize,current,28.8,-4.36,35.3,800.1,-6.9,112.2,2.6
429,20200605,M02,P013,hotel,not,radio,like,70.9,0.57,54.3,70.2,12.2,292.8,13.2
430,20230504,M08,P017,technology,media,employee,seven,85.3,-8.72,24.7,511.0,11.4,192.6,12.8
431,20210518,M03,P007,easy,provide,return,sort,85.7,-1.27,71.0,533.1,-36.8,451.3,18.7
432,20230613,M03,P014,section,role,environment,hit,44.7,3.87,85.3,735.1,30.4,390.7,10.1
433,20230716,M08,P008,sit,leader,deep,act,18.2,-9.91,27.5,249.2,10.0,226.4,17.0
434,20240330,M08,P011,line,fact,green,edge,12.7,-9.31,88.7,732.5,-30.5,415.5,18.9
435,20241218,M07,P005,figure,hot,president,possible,54.1,-1.14,80.9,591.9,91.4,98.2,19.2
436,20240829,M06,P015,ability,blue,together,high,46.0,1.27,29.4,197.5,84.3,112.1,1.0
437,20240212,M04,P013,cup,hospital,recognize,watch,88.5,-2.98,14.8,809.1,13.3,498.1,7.8
438,20211008,M03,P003,certain,treatment,hour,production,20.5,6.82,98.4,691.7,79.0,174.2,11.7
439,20201211,M02,P001,treatment,performance,relate,action,14.1,-1.08,5.3,297.2,66.0,81.2,1.1
440,20200623,M07,P006,some,building,state,table,36.0,-6.97,52.3,625.2,-38.1,56.3,10.5
441,20210326,M05,P008,lay,between,long,green,58.4,9.65,47.0,99.3,-33.9,26.3,18.1
442,20240803,M09,P006,oil,although,its,case,44.5,-3.4,61.9,859.2,-27.5,16.2,8.0
443,20221124,M05,P018,watch,data,series,practice,83.3,-7.5,24.9,526.3,4.1,159.5,8.7
444,20241115,M07,P016,include,water,air,skill,79.2,-9.52,59.7,977.5,-22.8,230.3,12.2
445,20200506,M03,P013,level,improve,evening,whether,54.1,-0.14,71.1,928.5,-39.4,53.7,3.5
446,20240803,M08,P002,over,also,state,send,19.1,-9.94,17.1,41.5,32.3,384.5,14.6
447,20240710,M05,P001,as,note,husband,better,56.0,9.12,58.2,467.1,-33.8,73.3,1.5
448,20210419,M01,P018,design,skin,create,represent,87.0,-0.89,97.6,967.4,81.9,81.4,4.3
449,20231223,M01,P018,address,level,scientist,bad,45.0,-2.78,31.9,636.4,-5.8,139.4,2.4
450,20220726,M02,P010,consider,low,official,recognize,87.0,-2.33,22.3,98.6,-12.6,14.4,6.4
451,20240327,M07,P016,action,evidence,time,range,11.3,4.83,96.4,483.2,-22.9,233.8,8.8
452,20220207,M03,P012,break,region,bar,window,43.1,4.92,87.4,649.9,47.0,365.9,14.9
453,20240116,M07,P019,star,light,human,set,12.7,-1.89,86.6,339.1,10.5,208.4,18.1
454,20240918,M04,P001,war,card,piece,today,79.8,5.87,11.0,168.4,92.9,90.5,12.9
455,20230528,M04,P002,else,party,heavy,author,68.9,-5.84,11.0,505.7,20.4,118.4,2.0
456,20210101,M07,P018,soldier,some,structure,enjoy,24.6,-2.29,33.7,726.8,-1.7,167.0,19.6
457,20230118,M07,P004,south,how,clearly,important,78.7,6.14,44.7,652.5,-3.7,202.2,8.7
458,20200427,M04,P008,mouth,should,travel,development,79.4,-2.5,30.7,175.5,87.8,491.4,6.0
459,20211230,M09,P011,early,ground,career,without,58.0,-9.75,63.3,37.9,-29.8,249.5,11.0
460,20200826,M05,P018,pull,manager,wear,my,7.7,-9.25,87.3,602.2,80.5,437.3,4.6
461,20220717,M08,P013,tree,woman,will,boy,65.5,-7.08,41.9,690.8,42.0,483.9,7.6
462,20200330,M02,P002,lead,need,indeed,student,6.3,8.85,70.2,994.9,51.3,215.1,12.3
463,20220213,M04,P008,if,throughout,whose,bar,80.2,3.6,14.4,270.2,97.2,88.8,1.3
464,20220824,M08,P006,lawyer,happy,we,left,33.5,7.82,83.8,674.6,5.9,345.1,0.6
465,20200929,M02,P019,sound,manager,style,someone,25.1,5.68,36.9,605.8,60.1,31.1,8.6
466,20230406,M03,P007,effort,every,travel,candidate,55.1,-5.79,89.5,459.3,-28.6,188.5,2.5
467,20210322,M08,P006,social,thank,event,politics,14.4,-5.45,6.4,897.1,-18.1,93.8,4.4
468,20200116,M02,P005,anything,vote,indeed,example,85.2,-3.89,5.0,409.5,64.3,439.3,9.8
469,20201207,M05,P013,network,key,strategy,bring,74.4,8.97,57.1,158.7,0.9,40.4,3.4
470,20231008,M03,P005,debate,sing,well,other,27.8,4.54,76.2,346.3,86.8,427.9,2.0
471,20230424,M01,P015,many,bill,box,similar,85.2,-2.55,45.2,865.4,90.0,156.0,10.9
472,20200129,M09,P018,pass,member,bar,type,94.9,-7.17,41.3,451.0,-38.4,236.5,19.1
473,20200410,M04,P012,morning,best,investment,deep,5.3,6.31,88.2,858.5,28.4,290.2,17.9
474,20220803,M05,P003,writer,hear,service,rise,16.2,-4.35,32.8,698.5,10.8,340.4,17.7
475,20241205,M04,P008,relate,same,more,memory,32.3,9.38,4.7,685.2,59.6,235.9,13.0
476,20240725,M06,P008,forget,modern,good,share,63.1,0.38,90.7,693.3,-7.0,161.7,11.4
477,20220519,M01,P017,race,identify,in,pretty,61.5,9.99,53.3,160.4,49.5,283.7,6.5
478,20241020,M09,P007,still,first,garden,song,33.4,-1.69,41.1,895.1,47.8,498.2,5.3
479,20230808,M01,P009,per,west,else,reveal,30.1,4.34,6.3,938.5,46.8,449.9,7.3
480,20200829,M02,P019,executive,ok,work,drop,17.9,4.91,85.5,451.6,24.8,89.1,15.9
481,20200615,M05,P005,deal,rock,light,town,71.6,1.4,15.1,641.2,-36.8,211.0,2.4
482,20230331,M02,P011,body,control,itself,be,13.0,-4.96,40.9,939.8,41.2,406.1,4.5
483,20210302,M02,P011,federal,friend,sound,strategy,86.2,6.26,21.3,927.2,-0.5,138.1,8.9
484,20240625,M09,P009,wear,indicate,girl,painting,4.8,2.31,64.4,537.7,27.7,115.7,9.4
485,20220807,M07,P015,energy,become,little,over,62.5,-4.98,11.0,366.7,46.2,427.6,0.2
486,20230312,M07,P006,after,billion,produce,couple,59.5,-3.96,11.9,232.8,54.9,336.1,1.8
487,20240411,M01,P016,effort,entire,energy,house,75.7,-9.84,82.9,474.1,-18.2,309.2,3.3
488,20240304,M07,P008,need,indeed,mission,hit,32.7,-5.59,99.5,892.5,46.9,426.7,1.1
489,20231104,M05,P007,one,culture,sort,term,81.2,-4.26,60.0,884.7,-35.5,489.6,2.2
490,20200813,M02,P012,energy,husband,your,wait,1.6,0.97,16.5,678.2,28.3,176.3,18.5
491,20200307,M02,P016,shoulder,law,stage,personal,9.3,5.99,27.5,425.6,84.4,62.8,1.0
492,20210309,M09,P016,project,admit,world,rock,96.1,4.07,83.7,891.7,5.7,489.2,12.2
493,20240122,M06,P018,age,moment,us,firm,12.8,8.56,91.8,820.4,19.3,115.7,3.8
494,20201019,M06,P012,guy,consider,newspaper,law,78.8,-7.27,46.4,186.9,16.3,46.6,3.6
495,20240918,M02,P015,top,television,share,research,69.4,4.38,74.4,346.8,72.3,55.4,18.0
496,20210103,M03,P003,short,quickly,free,list,96.3,-4.07,53.8,199.6,63.5,64.3,2.7
497,20240502,M04,P014,even,capital,apply,against,39.1,9.25,65.1,202.6,30.5,58.1,10.8
498,20210124,M02,P011,enough,dog,rather,speech,75.1,-6.82,83.1,417.9,-30.3,243.1,3.2
499,20221220,M06,P002,before,newspaper,many,because,42.0,-0.26,88.3,77.6,42.4,400.5,0.7
500,20211118,M01,P008,manage,later,raise,believe,93.1,3.74,50.7,373.6,-28.3,345.1,5.3
501,20211217,M08,P012,question,begin,how,improve,86.5,8.18,7.1,867.6,-20.4,209.9,9.5
502,20230720,M02,P016,someone,product,what,drug,69.9,-0.31,73.9,111.9,37.0,125.1,12.4
503,20221217,M08,P019,nation,risk,general,positive,57.6,9.8,17.8,883.4,73.9,229.3,16.3
504,20230324,M07,P006,source,window,large,recent,71.8,3.24,61.8,380.8,-23.8,388.4,6.4
505,20240423,M02,P018,fine,power,research,sound,42.5,0.15,81.9,270.9,-9.0,248.3,14.4
506,20240409,M06,P014,another,capital,sell,thank,5.0,-1.03,93.3,793.4,55.6,171.5,15.2
507,20230630,M08,P003,morning,suddenly,wide,method,63.4,-3.58,89.6,252.6,59.9,84.8,4.7
508,20210219,M01,P006,poor,war,walk,doctor,77.1,3.55,76.3,818.1,16.8,242.6,15.9
509,20240902,M09,P019,choose,movement,or,less,10.7,1.97,28.4,157.5,95.7,182.0,9.7
510,20240817,M07,P018,board,scene,simple,behind,20.1,-2.39,82.0,787.9,66.8,252.5,16.7
511,20231011,M04,P002,course,trouble,difficult,democratic,12.6,-2.54,76.2,296.0,75.0,192.4,2.3
512,20230609,M08,P008,opportunity,garden,she,work,94.5,-8.27,95.2,195.1,87.3,382.8,3.4
513,20210227,M07,P008,land,true,relationship,education,16.2,7.15,76.7,449.2,48.4,265.2,1.6
514,20220531,M02,P005,heart,voice,space,western,17.7,-2.62,63.3,819.3,-19.8,138.6,19.0
515,20210409,M09,P009,type,outside,citizen,down,88.5,-6.29,97.8,60.3,97.2,183.2,9.1
516,20230506,M03,P009,science,office,test,trial,67.2,-4.97,0.2,884.8,64.9,37.1,11.0
517,20220528,M01,P018,tonight,there,team,local,90.1,2.24,49.5,536.3,74.0,427.5,6.3
518,20201117,M03,P007,degree,throw,if,cultural,98.8,7.42,35.6,131.2,85.9,249.6,5.0
519,20200327,M03,P009,to,both,support,at,51.6,0.24,7.8,96.1,81.9,430.1,14.4
520,20240225,M01,P010,movement,prove,bar,century,37.5,7.13,62.1,741.8,33.0,333.8,18.8
521,20220204,M06,P014,hot,could,trade,environmental,68.4,1.72,41.3,674.1,-13.0,141.7,10.5
522,20230111,M09,P009,pay,move,you,none,61.7,-3.25,31.9,535.0,-0.1,166.5,8.4
523,20241127,M06,P003,federal,meet,operation,surface,55.3,-4.57,44.1,938.9,86.3,242.7,9.4
524,20220330,M04,P018,few,throughout,small,pressure,66.6,0.83,48.1,355.8,-7.7,410.7,7.3
525,20240901,M05,P009,rise,prepare,former,me,97.9,1.66,24.8,873.0,69.4,265.5,2.1
526,20230820,M04,P016,might,interest,himself,summer,86.6,2.43,59.5,79.9,20.1,198.7,12.8
527,20230717,M01,P015,allow,film,her,hand,75.3,0.66,71.1,276.9,45.1,70.3,11.6
528,20210325,M01,P003,form,administration,like,same,88.6,2.35,70.9,14.6,-33.8,352.9,0.4
529,20240623,M02,P018,however,war,name,not,75.3,4.81,48.5,10.7,68.0,33.6,17.3
530,20210329,M04,P007,morning,ten,trial,art,42.6,7.4,31.4,195.6,-16.1,27.2,14.7
531,20230302,M07,P010,another,brother,address,hit,4.8,9.29,74.8,622.0,-7.6,118.2,10.9
532,20200404,M02,P008,current,only,whole,success,47.5,1.89,0.5,445.7,27.0,62.1,2.9
533,20240723,M08,P014,time,rule,window,again,83.6,8.15,66.7,519.2,81.8,384.1,17.6
534,20240303,M09,P002,because,left,style,again,1.7,-1.24,34.1,368.9,-33.4,389.2,5.1
535,20210716,M08,P006,create,it,mouth,western,93.3,-9.47,29.2,828.4,-32.1,270.0,5.5
536,20240815,M02,P009,conference,language,energy,child,24.2,2.27,12.6,128.8,91.9,90.7,5.3
537,20201016,M04,P003,protect,impact,see,organization,66.9,3.36,65.5,255.3,82.9,373.8,19.6
538,20231023,M03,P017,total,realize,write,very,52.5,4.81,45.6,840.3,26.8,169.8,14.6
539,20230921,M07,P007,scene,firm,discussion,success,72.5,7.24,36.5,237.2,-19.4,455.1,0.6
540,20210327,M01,P009,story,everyone,down,people,50.5,8.04,82.7,538.8,19.5,317.4,2.3
541,20210727,M07,P017,us,work,factor,college,22.6,4.94,93.4,66.7,46.4,135.9,17.8
542,20221217,M04,P004,with,occur,staff,specific,13.5,1.12,53.2,406.1,45.7,140.7,6.8
543,20221013,M09,P005,respond,analysis,very,difficult,57.5,3.31,37.9,168.2,-38.0,438.0,11.4
544,20240326,M05,P008,camera,bed,century,low,28.5,0.31,7.9,117.1,-5.6,72.4,11.6
545,20230325,M01,P012,whatever,church,knowledge,administration,75.6,-5.4,55.5,921.2,82.9,136.0,16.6
546,20210416,M03,P007,customer,page,range,four,8.2,9.78,69.1,960.1,-34.1,105.8,10.5
547,20200216,M09,P007,idea,offer,mean,service,80.0,9.26,76.2,620.6,-1.7,387.3,5.3
548,20230827,M04,P011,major,eye,help,himself,45.7,6.27,17.3,705.4,80.4,478.4,17.3
549,20220602,M04,P017,first,teach,act,body,31.7,-9.37,65.0,124.1,65.0,272.0,5.7
550,20241201,M05,P013,far,indeed,world,simple,8.3,6.94,80.3,300.3,27.9,247.6,0.6
551,20230713,M09,P004,produce,apply,step,similar,90.8,-1.27,30.9,297.6,-36.2,410.0,11.7
552,20200826,M07,P004,miss,network,size,me,94.8,-6.54,37.1,122.6,-39.1,427.8,3.1
553,20230609,M08,P008,and,any,woman,hair,88.0,1.88,50.2,37.2,97.9,121.5,8.6
554,20230611,M09,P004,charge,news,few,enough,29.5,6.14,18.0,354.2,62.9,439.0,0.9
555,20231015,M07,P013,relationship,president,add,per,84.2,1.14,50.7,356.9,26.7,111.9,5.0
556,20200623,M06,P018,measure,simply,somebody,might,74.1,-3.63,30.4,538.6,18.4,291.9,16.3
557,20201004,M05,P017,off,civil,capital,various,34.7,2.79,31.4,686.7,71.1,237.4,3.4
558,20201208,M04,P019,cell,cause,sound,safe,61.6,7.68,60.4,575.3,-13.2,378.8,11.1
559,20210504,M09,P009,a,what,generation,author,34.1,2.99,67.1,832.2,41.7,349.2,9.5
560,20200426,M07,P005,record,customer,already,card,78.3,-5.27,41.3,676.1,43.9,461.7,14.2
561,20240328,M05,P001,language,parent,size,stay,42.2,0.02,86.1,895.5,-10.8,3.3,19.6
562,20231225,M08,P013,class,station,according,kitchen,41.5,-4.89,68.3,100.8,15.1,495.2,9.6
563,20200713,M08,P003,cost,capital,cost,ask,77.1,7.91,31.9,135.8,76.1,120.9,17.6
564,20210126,M07,P002,change,leave,simply,within,35.7,-5.87,92.8,175.0,-22.3,100.4,14.4
565,20220205,M05,P014,part,or,chance,let,31.4,6.85,31.2,582.5,-2.1,374.0,2.8
566,20200608,M05,P013,effort,once,explain,look,64.3,9.08,40.6,905.5,11.7,272.9,19.0
567,20220502,M04,P018,not,different,vote,area,50.7,2.33,4.7,45.2,51.6,356.7,13.2
568,20230816,M03,P001,cost,attention,support,environment,66.1,-4.84,8.5,893.0,0.6,173.7,8.7
569,20200928,M05,P007,number,administration,speak,business,41.4,0.67,54.5,195.1,72.8,376.7,13.4
570,20221126,M08,P010,little,economic,camera,especially,83.0,-1.03,5.3,48.5,-25.7,274.2,9.1
571,20241105,M01,P003,single,account,experience,certainly,63.8,-6.79,70.0,259.7,71.5,409.1,5.0
572,20200820,M06,P007,language,address,yes,bit,12.5,-5.37,64.2,843.4,66.1,144.5,14.4
573,20230124,M01,P012,military,image,return,go,3.3,-2.57,55.4,13.4,39.7,374.9,2.3
574,20240629,M06,P002,listen,wrong,tough,reveal,13.6,-1.74,94.2,310.5,2.0,431.8,3.1
575,20220215,M08,P006,production,ahead,follow,place,78.2,7.19,41.8,699.1,-38.3,289.6,15.4
576,20231109,M05,P003,develop,then,today,room,91.9,-1.13,9.3,339.2,-20.8,20.9,13.0
577,20240622,M08,P001,before,sit,accept,just,71.8,-3.44,49.7,620.0,81.0,87.9,18.8
578,20220712,M06,P008,southern,order,test,recently,90.0,-7.92,72.1,992.1,52.2,233.9,15.4
579,20240515,M03,P001,seem,prevent,color,far,82.9,0.7,90.2,404.3,87.2,182.3,10.1
580,20230127,M09,P012,as,eight,turn,fight,4.7,-3.98,50.9,278.6,-35.9,41.9,6.6
581,20210903,M02,P014,herself,kid,board,room,65.9,-6.08,60.1,104.5,-39.0,98.7,9.4
582,20241124,M04,P012,control,anything,production,do,88.1,0.74,65.5,391.4,9.5,124.8,8.5
583,20210925,M03,P009,accept,your,fast,world,31.2,-1.14,86.4,84.6,90.8,148.4,10.3
584,20220415,M08,P017,as,what,also,your,69.8,9.08,89.2,619.8,66.7,412.0,5.1
585,20240908,M05,P006,light,note,both,project,95.0,2.92,93.9,277.1,49.7,134.2,16.0
586,20200208,M03,P012,house,interest,prepare,on,73.1,-5.96,59.6,197.1,47.1,378.6,3.3
587,20210805,M07,P005,success,despite,pretty,she,72.7,2.2,15.8,505.4,75.2,198.4,14.3
588,20240906,M01,P016,popular,miss,follow,put,56.4,5.07,75.2,874.3,44.8,461.2,17.4
589,20210520,M06,P014,strong,bring,this,their,77.5,6.45,54.9,723.0,42.8,255.3,16.7
590,20241205,M08,P004,author,career,especially,energy,75.2,1.64,79.8,752.9,55.7,410.0,0.1
591,20230115,M09,P001,camera,issue,area,white,15.5,8.08,79.9,207.0,71.2,330.5,4.4
592,20240817,M08,P003,nearly,PM,international,hope,56.4,3.28,53.2,790.0,-2.2,315.9,18.9
593,20210512,M07,P012,interesting,force,admit,strong,97.4,8.9,81.3,987.1,-30.6,123.2,14.4
594,20200417,M01,P007,fill,home,plan,vote,86.3,-3.18,4.0,96.1,57.1,339.8,6.6
595,20230329,M08,P005,ago,see,sit,form,50.0,-5.43,48.3,930.8,-5.7,314.4,4.6
596,20210516,M08,P007,out,soldier,see,kid,25.9,7.42,19.3,809.3,45.5,195.2,17.1
597,20230131,M07,P005,cover,chance,ago,radio,61.5,7.15,32.3,998.2,74.2,382.4,4.8
598,20210724,M06,P015,whole,court,moment,his,16.8,5.46,7.5,444.5,24.5,203.9,3.5
599,20230908,M01,P010,building,newspaper,learn,between,59.3,-6.33,55.0,905.8,42.5,273.4,19.4
600,20210219,M09,P013,rest,call,second,physical,73.5,6.0,80.7,144.1,-18.1,441.6,16.9
601,20220809,M08,P006,deal,one,entire,draw,7.7,1.18,50.5,635.3,23.5,59.1,1.0
602,20210313,M01,P014,prevent,loss,think,low,83.3,4.82,67.2,106.7,56.0,217.3,15.0
603,20240121,M06,P004,ready,interest,indicate,sport,50.4,3.3,34.6,35.2,76.0,57.9,8.0
604,20240321,M09,P014,lead,forward,activity,after,24.6,-6.53,93.3,587.8,-30.0,304.5,8.3
605,20220322,M09,P012,expert,spring,sell,alone,83.4,8.26,3.6,760.0,72.9,291.3,14.4
606,20210206,M07,P001,want,cell,institution,on,5.3,-2.18,34.2,521.7,78.1,357.0,15.8
607,20230920,M09,P003,child,direction,subject,to,40.8,-1.57,34.7,748.3,21.8,477.8,12.7
608,20241121,M02,P019,skill,authority,against,can,29.5,-6.94,67.6,688.5,-26.9,126.9,4.7
609,20201217,M03,P018,green,defense,theory,four,43.7,-6.71,50.6,467.1,55.8,482.7,15.7
610,20230120,M04,P014,reality,yard,pass,investment,15.9,3.97,3.4,863.0,5.3,18.3,11.6
611,20210614,M04,P002,might,billion,wall,decision,33.9,-0.13,75.1,641.2,29.5,163.7,0.1
612,20210618,M01,P014,election,source,until,key,20.0,-4.66,42.2,538.9,-27.0,453.0,18.7
613,20200203,M07,P007,phone,her,listen,simply,96.4,-8.1,47.7,66.0,83.1,101.8,16.7
614,20210305,M01,P018,for,fight,value,artist,82.1,5.59,71.4,941.5,-10.3,325.4,12.8
615,20230119,M08,P010,language,wonder,information,personal,89.0,7.53,77.0,180.6,31.7,57.9,19.4
616,20241126,M07,P007,little,against,fear,participant,53.0,-9.15,6.1,884.4,-1.7,14.6,14.5
617,20230131,M06,P007,again,information,collection,small,35.6,-1.65,10.2,992.5,-27.8,170.1,1.2
618,20240518,M06,P001,hour,them,I,item,24.1,1.14,92.5,272.3,93.9,349.8,10.1
619,20200629,M09,P007,southern,charge,agree,stand,37.5,1.06,32.0,627.8,88.6,351.7,3.7
620,20241012,M02,P003,have,best,item,above,21.5,-3.51,12.6,325.2,83.4,175.4,2.9
621,20220115,M04,P008,Mr,watch,subject,energy,56.3,-0.05,73.5,123.9,-34.5,210.9,16.4
622,20231231,M06,P010,town,leader,ready,enjoy,40.6,7.41,74.0,200.2,63.6,439.9,0.8
623,20230113,M07,P019,suddenly,people,visit,show,78.3,9.83,80.0,462.7,38.7,216.4,16.0
624,20200423,M02,P018,senior,take,approach,leader,82.0,-8.79,92.8,290.0,-18.9,241.5,18.4
625,20230219,M04,P016,service,election,free,bag,28.4,4.47,28.9,31.7,3.7,7.2,17.0
626,20240707,M05,P013,feeling,so,opportunity,state,32.5,5.13,24.1,384.9,-12.7,49.4,16.7
627,20200707,M04,P017,child,several,believe,edge,24.4,-8.9,7.5,955.2,-4.2,301.3,15.3
628,20230902,M08,P011,tough,public,last,region,89.0,6.73,6.7,416.6,77.5,434.0,8.6
629,20230722,M01,P016,bank,money,yes,son,83.4,6.94,68.8,993.0,63.0,393.5,6.2
630,20240419,M07,P015,ready,like,sing,significant,67.3,-7.08,34.4,797.4,18.9,443.5,19.4
631,20231017,M02,P001,keep,development,third,cover,15.4,-4.27,13.0,606.9,-36.9,89.8,1.4
632,20210414,M03,P014,interesting,both,sport,term,74.2,6.75,7.5,482.6,-2.8,277.0,7.5
633,20240325,M02,P005,station,instead,exist,imagine,50.8,-2.59,5.5,629.9,64.2,369.6,20.0
634,20240203,M07,P002,yet,get,also,happen,76.5,5.68,84.2,466.8,72.8,76.3,0.0
635,20240317,M03,P004,so,manager,hear,level,39.9,1.32,66.1,245.8,93.9,86.9,11.8
636,20210818,M09,P002,leg,believe,ready,suffer,36.9,-0.02,5.2,773.4,31.9,464.9,6.7
637,20200320,M08,P017,TV,land,any,good,80.3,-7.65,0.3,800.3,76.8,398.6,2.7
638,20220117,M08,P018,thought,thank,next,fact,28.5,-2.99,88.6,616.9,-6.1,312.4,6.1
639,20240512,M09,P011,back,occur,generation,top,28.5,-3.98,28.4,401.6,49.8,221.2,2.6
640,20220214,M02,P001,interview,significant,scene,adult,86.5,1.03,5.6,490.3,-27.5,21.5,12.6
641,20210207,M03,P014,trouble,whose,leg,along,96.5,-0.24,31.2,780.3,40.5,276.3,14.5
642,20220504,M06,P001,TV,paper,financial,bad,50.6,-7.52,96.7,18.0,19.4,388.1,9.0
643,20220519,M04,P005,age,hot,newspaper,easy,2.3,-6.18,39.2,621.2,5.1,104.9,12.6
644,20210323,M04,P016,with,hundred,hard,bad,90.9,-0.19,18.3,238.3,58.2,154.0,18.5
645,20220201,M01,P014,organization,pattern,despite,beat,23.2,5.35,72.5,849.4,37.8,335.2,3.9
646,20241201,M06,P009,like,lay,short,cost,48.8,-9.9,14.7,428.1,15.3,10.0,17.4
647,20211117,M01,P009,whole,toward,arm,development,61.1,7.25,75.2,746.1,97.0,340.0,1.2
648,20211102,M07,P019,drive,deep,offer,executive,79.7,-4.42,33.5,186.1,53.8,204.2,8.0
649,20220907,M02,P013,position,must,inside,exactly,7.2,6.69,83.3,841.5,3.8,92.7,13.1
650,20211122,M04,P002,during,establish,imagine,quality,22.2,2.99,57.2,855.2,97.6,185.7,10.1
651,20210510,M08,P012,order,only,scene,white,30.3,5.24,56.4,267.7,3.6,279.5,15.0
652,20240211,M04,P009,fill,step,rule,sell,65.0,3.58,64.8,84.8,39.8,282.9,0.3
653,20230225,M02,P019,country,hand,take,pull,1.4,6.31,15.0,354.3,31.6,447.2,3.0
654,20240317,M09,P013,only,pay,though,particular,10.9,-2.05,49.2,315.0,44.2,55.8,10.6
655,20230519,M04,P011,play,gun,before,shake,19.6,-5.01,89.1,425.2,15.2,181.6,12.4
656,20240913,M07,P017,follow,family,three,let,70.0,9.11,89.5,846.8,44.7,139.9,12.2
657,20200729,M06,P001,would,small,already,long,16.3,1.02,6.4,47.4,26.3,5.9,19.1
658,20230515,M07,P006,ten,century,also,strong,81.6,7.11,43.6,867.5,0.5,210.0,11.8
659,20200127,M05,P017,character,tell,all,perhaps,34.7,0.89,87.2,733.6,-15.8,224.8,5.9
660,20200709,M07,P009,similar,finally,true,tough,14.8,-8.2,41.8,829.7,75.9,481.6,6.3
661,20210807,M07,P007,phone,PM,look,number,77.9,-7.5,45.1,44.6,37.2,180.2,18.2
662,20200912,M08,P006,visit,degree,despite,type,94.8,7.28,12.9,145.3,-6.6,8.5,6.7
663,20210416,M07,P008,almost,agreement,pick,home,62.9,-5.66,96.6,786.5,51.5,236.8,8.2
664,20200707,M02,P008,during,each,blood,those,90.4,-6.09,28.0,488.2,-32.3,231.4,15.5
665,20240328,M02,P001,like,yet,down,cup,77.8,6.33,54.7,536.6,-6.4,175.9,1.7
666,20241228,M06,P010,whether,more,behavior,difficult,91.2,-4.89,20.5,869.4,95.5,383.7,6.9
667,20210828,M09,P012,time,rest,more,himself,54.2,9.21,4.0,534.8,21.8,221.0,17.3
668,20220604,M03,P014,money,itself,stay,stand,93.5,-9.61,41.9,552.7,57.5,479.4,9.2
669,20220510,M08,P006,local,plan,simple,conference,44.7,4.99,3.4,28.4,-25.7,178.0,9.5
670,20240818,M04,P007,upon,movement,out,star,44.6,5.43,86.1,501.2,98.6,426.5,19.0
671,20210424,M03,P014,Democrat,long,spend,side,13.8,1.46,99.9,817.1,-15.6,219.1,2.5
672,20220301,M05,P003,finish,billion,analysis,interesting,29.8,-2.62,79.7,953.8,46.1,189.5,15.4
673,20201024,M04,P012,we,investment,nor,ahead,12.3,-3.86,49.1,549.1,-1.3,329.4,10.7
674,20220109,M06,P003,travel,history,process,reflect,25.7,-1.91,15.0,77.0,46.3,207.6,18.8
675,20240606,M06,P016,dog,available,however,federal,44.9,-4.72,26.2,749.7,-13.4,174.7,16.3
676,20210818,M09,P002,nearly,avoid,major,occur,23.9,-8.65,18.1,111.1,86.6,200.5,13.2
677,20241112,M09,P002,happy,old,character,institution,58.7,9.4,28.5,577.6,-0.8,278.0,12.8
678,20200813,M03,P005,off,last,case,local,26.5,-9.18,90.5,276.5,0.7,90.4,2.5
679,20230208,M02,P006,probably,energy,identify,able,15.0,0.2,43.8,42.4,19.9,456.8,4.3
680,20210621,M09,P015,goal,usually,west,on,96.1,-6.44,84.0,521.2,-10.2,43.5,0.2
681,20240123,M08,P013,voice,human,set,bar,47.4,-0.05,90.2,196.1,-2.1,489.5,13.1
682,20200613,M05,P002,side,age,everybody,tax,17.7,4.48,69.6,724.2,-8.7,361.4,6.8
683,20220827,M04,P009,possible,nature,country,technology,12.0,0.36,2.4,28.4,40.1,342.6,7.9
684,20240606,M07,P007,while,brother,source,food,77.6,1.99,77.7,144.9,-29.1,325.6,7.2
685,20200205,M07,P008,PM,situation,increase,foot,36.0,7.58,83.5,734.5,46.5,43.4,13.4
686,20211010,M02,P008,against,at,unit,begin,30.0,-7.57,5.3,276.9,11.7,323.8,2.3
687,20230411,M06,P007,of,program,environmental,Democrat,57.6,0.48,37.3,659.5,-33.0,51.9,7.5
688,20220704,M01,P018,car,growth,traditional,fill,39.0,-4.38,50.9,875.2,-28.5,427.5,4.5
689,20231212,M02,P013,program,city,quickly,too,38.2,8.78,26.4,461.4,36.3,24.9,7.9
690,20210820,M02,P012,front,business,their,matter,40.7,6.0,35.7,152.5,16.5,3.8,6.1
691,20230115,M05,P018,memory,ask,last,community,80.1,-9.67,59.5,670.3,-6.0,189.6,3.5
692,20201130,M01,P010,he,PM,yeah,family,38.9,-4.37,94.5,100.5,76.7,235.3,11.7
693,20201121,M05,P014,manage,like,low,final,79.0,4.61,51.1,641.4,82.1,156.3,15.6
694,20220219,M02,P003,forward,certain,discuss,half,90.3,-8.15,97.7,417.2,48.7,162.4,8.2
695,20240927,M05,P013,there,group,dream,rather,41.6,3.57,74.6,394.8,93.8,354.9,8.3
696,20200328,M02,P002,question,level,get,today,67.4,-5.56,27.4,522.7,44.1,399.6,1.6
697,20210304,M09,P016,inside,newspaper,address,talk,98.3,-5.59,63.0,817.8,71.6,475.4,8.3
698,20210730,M01,P011,every,end,certain,task,40.2,-1.76,28.7,998.0,54.6,207.8,6.3
699,20200319,M01,P012,prevent,west,bank,third,17.0,-0.14,82.9,135.0,38.5,280.5,12.6
700,20210202,M08,P016,to,laugh,try,book,43.1,-5.57,37.5,137.9,85.0,87.3,7.8
701,20220121,M08,P009,mother,technology,art,improve,21.7,-5.5,85.7,576.1,74.8,227.1,5.8
702,20200109,M01,P009,fast,institution,any,vote,9.0,2.66,9.8,332.2,89.9,245.6,4.3
703,20240607,M01,P004,community,cause,pressure,force,73.6,9.46,7.2,511.4,-10.1,441.5,19.7
704,20240212,M04,P010,tonight,reduce,current,me,68.5,-0.78,25.5,959.5,-26.9,353.2,16.2
705,20220702,M01,P001,message,tonight,care,usually,52.7,-9.89,68.0,992.3,-15.4,129.7,12.9
706,20211117,M01,P003,nearly,seem,table,particularly,50.3,-4.53,69.5,791.6,80.6,98.8,19.3
707,20241111,M06,P009,lot,open,but,growth,16.9,9.21,8.1,325.0,70.0,102.9,16.8
708,20230314,M05,P017,order,lot,professional,accept,81.5,-5.89,71.7,1.8,16.0,356.9,18.4
709,20241229,M06,P007,computer,everyone,dinner,weight,79.0,-8.14,63.5,249.4,41.5,258.0,3.1
710,20230622,M01,P012,institution,visit,mention,star,8.5,2.17,74.8,649.3,-24.7,18.9,10.1
711,20200519,M08,P017,above,difference,let,record,13.6,6.3,67.0,585.8,11.6,440.0,18.8
712,20230614,M08,P014,so,must,boy,fire,88.7,7.3,84.5,90.2,65.2,225.3,7.0
713,20220919,M04,P005,instead,quickly,laugh,expect,21.6,8.29,88.3,402.6,53.1,168.7,2.2
714,20210602,M04,P007,think,later,building,leave,65.7,-5.95,75.2,335.5,42.0,88.4,5.5
715,20200705,M02,P003,parent,today,there,message,45.6,-7.74,37.5,368.5,68.3,259.9,12.4
716,20210617,M09,P019,no,house,prevent,herself,3.0,5.51,6.7,370.5,-27.6,321.9,15.1
717,20201122,M08,P015,relationship,serve,paper,choose,40.6,-4.01,67.3,698.8,43.5,471.9,5.7
718,20200313,M06,P017,serious,receive,land,might,41.6,-3.55,23.2,873.2,28.5,382.0,2.9
719,20240309,M07,P002,least,recognize,accept,attorney,38.6,1.56,9.1,191.2,20.4,201.8,1.6
720,20200515,M02,P012,certainly,question,too,human,0.4,2.04,69.0,716.8,20.3,466.2,0.2
721,20200306,M06,P016,cold,identify,factor,four,24.0,4.01,91.2,14.0,-18.6,248.1,15.4
722,20210408,M01,P005,least,end,gun,whole,58.3,-6.91,56.4,408.6,24.6,366.0,14.4
723,20210615,M03,P003,on,much,one,cause,54.4,4.67,88.2,253.0,-9.1,313.4,18.2
724,20241005,M01,P013,about,couple,their,allow,26.0,-9.4,50.1,446.6,22.0,465.2,18.7
725,20240325,M07,P016,because,point,east,figure,21.6,-2.99,76.2,3.1,-4.5,300.8,2.7
726,20231117,M06,P014,sell,fall,its,those,19.2,-0.26,9.2,705.5,45.0,170.5,19.0
727,20200908,M06,P019,night,news,financial,church,5.1,-2.28,80.3,333.3,49.4,24.8,15.8
728,20200314,M01,P007,particular,gas,best,hit,87.3,4.66,97.6,662.4,-35.0,141.9,2.5
729,20240106,M01,P007,less,single,challenge,last,70.6,1.16,46.3,608.2,-8.4,249.1,7.5
730,20240623,M08,P016,institution,model,bad,federal,67.1,9.03,34.8,707.7,82.9,350.3,18.2
731,20230313,M02,P018,son,two,seat,father,56.5,-6.89,95.0,22.0,82.8,146.0,9.9
732,20210622,M04,P019,old,item,two,this,29.2,5.59,14.0,446.2,74.5,39.5,3.6
733,20241027,M07,P013,probably,five,approach,he,41.8,5.52,26.7,515.6,65.3,389.5,18.8
734,20210112,M02,P001,practice,involve,strategy,want,35.6,7.68,90.6,759.7,15.9,326.7,6.4
735,20210514,M06,P011,store,play,apply,great,35.3,6.99,4.5,705.1,-23.3,335.6,0.7
736,20200305,M03,P014,total,student,issue,us,63.3,8.61,54.0,670.2,89.1,0.8,4.7
737,20201203,M08,P010,shake,church,all,role,9.9,3.28,45.3,324.9,86.1,139.0,0.4
738,20230203,M08,P010,special,trouble,production,low,44.2,7.69,93.2,406.1,9.7,28.0,3.3
739,20240625,M07,P016,nature,customer,even,area,44.4,-3.89,91.2,805.0,71.2,107.5,6.1
740,20200508,M09,P011,cultural,receive,participant,him,64.9,-9.03,93.6,790.4,27.5,18.5,8.7
741,20201021,M07,P008,foreign,past,cold,within,88.0,-0.8,94.7,192.9,-6.3,189.2,14.5
742,20210129,M01,P006,real,wide,difference,by,44.6,5.15,91.0,163.0,60.5,281.3,7.4
743,20240124,M07,P015,air,yourself,community,price,92.2,8.08,28.4,837.9,-9.6,383.7,11.4
744,20200628,M03,P014,play,physical,daughter,group,98.1,6.84,87.9,912.1,58.7,117.8,4.0
745,20221021,M06,P013,body,final,matter,economy,25.8,-9.17,62.1,82.0,71.4,49.3,15.4
746,20221123,M01,P016,we,less,although,effort,41.8,-7.13,81.2,517.0,-1.9,42.0,1.1
747,20210307,M06,P002,own,itself,stuff,step,78.4,-0.61,58.9,153.1,78.1,196.5,5.9
748,20200402,M04,P006,anyone,able,support,institution,12.1,-6.99,42.5,89.6,77.5,177.5,11.5
749,20230314,M01,P011,officer,easy,call,chair,78.6,6.79,47.7,203.9,29.7,235.2,9.6
750,20230806,M07,P003,computer,people,bag,population,4.6,-4.53,57.8,837.7,11.4,438.5,9.2
751,20240305,M04,P014,doctor,factor,cold,seek,63.8,7.01,65.1,140.7,-10.6,228.1,6.6
752,20240203,M09,P018,rise,summer,song,often,9.4,-0.09,86.6,871.4,35.3,339.2,1.6
753,20210807,M05,P013,hundred,wife,gun,issue,20.1,4.69,70.3,238.6,84.4,40.2,1.9
754,20201031,M06,P003,sea,bad,me,inside,75.0,-7.57,9.6,497.4,-32.3,251.3,8.1
755,20221107,M08,P014,box,pattern,set,school,20.2,2.28,1.3,416.1,66.6,334.3,18.3
756,20240223,M01,P001,finish,shake,personal,art,60.2,5.58,74.6,341.6,75.2,314.8,6.6
757,20210514,M03,P003,run,wind,window,reach,57.6,-5.18,83.5,346.8,94.4,285.7,16.6
758,20230503,M06,P016,skin,interesting,three,television,82.8,3.0,93.6,223.9,-16.7,203.4,9.2
759,20210126,M09,P017,choose,not,floor,seven,56.6,-8.65,19.5,603.0,10.2,289.5,8.2
760,20221003,M09,P003,consumer,without,final,quickly,0.8,-0.13,73.4,678.6,63.4,399.5,5.1
761,20200120,M06,P012,benefit,ready,election,west,95.2,3.01,58.2,941.7,54.6,144.6,16.2
762,20231030,M08,P017,while,interest,hair,whatever,27.4,-9.29,11.3,353.8,44.0,428.4,6.4
763,20230825,M08,P014,as,participant,home,money,79.5,6.47,41.7,337.3,83.9,175.6,4.6
764,20201114,M01,P017,individual,such,present,left,21.4,5.44,23.8,942.7,84.4,275.2,16.3
765,20200405,M07,P002,local,own,realize,news,95.0,-5.76,70.9,753.9,37.9,479.1,6.2
766,20230713,M07,P003,building,left,effect,never,18.6,-9.92,63.6,253.8,33.9,102.2,14.8
767,20211223,M04,P012,practice,put,how,small,34.3,-6.33,97.1,471.2,59.4,433.1,4.7
768,20240705,M02,P015,memory,nation,whether,read,31.8,6.62,99.6,941.6,60.9,151.9,5.1
769,20201215,M07,P011,performance,maintain,pick,father,89.1,8.89,19.6,943.4,70.4,150.8,2.4
770,20200107,M02,P001,fill,dark,prove,fact,54.1,-6.15,28.8,941.3,76.8,346.8,0.5
771,20210312,M09,P005,finish,common,capital,reach,21.8,-1.78,42.0,204.4,-4.1,493.3,11.7
772,20200814,M05,P018,summer,check,draw,least,4.7,6.72,1.5,120.4,28.2,461.1,2.2
773,20200410,M02,P019,close,business,small,management,70.3,4.25,48.5,802.9,20.3,409.4,19.4
774,20200707,M03,P017,choose,former,agree,I,10.6,-2.45,12.0,252.1,58.5,346.6,0.5
775,20240404,M06,P017,these,want,large,tonight,96.2,8.57,10.3,139.3,28.2,381.1,16.8
776,20220911,M02,P005,could,least,tell,south,93.7,-2.35,47.2,961.7,3.8,309.7,7.7
777,20210910,M05,P010,true,pattern,upon,appear,50.6,-3.24,39.5,69.5,93.0,358.3,12.3
778,20240218,M06,P002,defense,throughout,really,design,61.5,9.89,90.9,493.1,84.6,244.9,17.1
779,20200504,M06,P019,stuff,partner,book,course,12.6,3.41,7.6,984.4,-35.9,206.3,17.9
780,20200523,M08,P008,own,our,include,somebody,4.9,0.52,0.4,842.1,47.6,128.3,8.9
781,20200818,M01,P018,much,short,later,once,77.0,9.05,24.6,25.1,49.0,486.6,2.4
782,20211031,M01,P013,about,couple,describe,small,34.4,4.39,21.2,966.6,-33.9,302.0,2.2
783,20240414,M05,P005,edge,expert,minute,front,82.5,-6.11,32.9,221.9,0.4,229.2,6.6
784,20240709,M07,P011,example,conference,push,commercial,8.1,8.47,79.2,291.7,-5.4,207.1,9.9
785,20210312,M03,P001,score,how,nature,while,89.5,-0.06,51.6,437.9,63.8,414.9,12.3
786,20230703,M05,P008,Mrs,color,cost,job,74.3,-6.86,77.1,629.2,29.6,227.6,8.6
787,20240522,M02,P009,generation,eye,important,hot,80.1,-7.9,32.8,412.3,16.6,205.8,12.1
788,20240308,M05,P008,it,indeed,again,war,89.9,8.82,90.7,449.3,34.8,3.9,1.5
789,20230802,M09,P004,see,out,skin,movement,12.4,9.54,62.5,988.7,36.8,23.6,0.8
790,20211125,M06,P009,effect,task,next,strong,71.0,8.3,97.0,585.4,-3.4,208.2,15.8
791,20220117,M07,P005,window,take,daughter,green,58.3,6.57,45.9,415.3,61.7,9.3,14.6
792,20220614,M08,P001,describe,like,head,town,54.1,4.87,68.8,760.3,-17.5,230.3,8.7
793,20231128,M02,P015,population,center,something,same,99.1,4.66,79.2,727.2,83.3,271.6,11.1
794,20220408,M09,P014,government,require,these,assume,50.6,-3.15,20.9,761.0,20.6,294.1,4.2
795,20200205,M01,P002,main,base,hair,process,28.2,0.83,70.3,612.1,80.9,56.7,14.4
796,20220530,M05,P001,even,power,community,guy,90.6,-5.89,83.7,564.1,63.0,482.4,3.9
797,20241219,M03,P006,pick,discuss,child,necessary,42.9,9.84,87.4,591.8,33.0,317.0,15.9
798,20211219,M06,P019,bit,song,her,growth,33.4,7.23,15.6,997.7,68.2,174.9,13.8
799,20241127,M04,P008,feel,learn,answer,must,81.1,-7.96,8.7,240.1,40.5,483.6,0.3
800,20210815,M06,P019,others,stand,personal,not,29.1,-7.2,29.0,102.9,23.9,183.9,8.8
801,20241203,M06,P001,make,Republican,recent,future,59.1,-8.75,10.9,811.8,-12.8,245.7,4.8
802,20240112,M03,P013,senior,laugh,most,everyone,34.7,7.3,3.3,479.0,34.7,62.1,2.7
803,20230207,M03,P015,address,traditional,low,town,9.1,-6.91,16.4,830.8,80.1,408.2,1.2
804,20230802,M07,P003,girl,oil,feeling,campaign,3.8,-4.91,22.3,113.6,73.1,299.5,6.7
805,20200609,M02,P013,them,fight,may,pass,6.0,-2.03,83.2,560.7,-0.5,390.4,16.4
806,20230826,M06,P005,could,seat,challenge,run,57.3,-3.36,87.7,813.0,58.1,115.6,7.7
807,20200709,M05,P018,decade,too,very,describe,90.9,-9.48,30.2,267.1,-15.6,171.7,14.9
808,20200301,M09,P011,nice,thank,concern,cover,1.8,6.88,12.7,774.1,23.0,340.2,15.4
809,20210927,M01,P009,challenge,agent,office,step,91.2,7.88,2.1,786.1,59.1,481.9,15.5
810,20220511,M02,P019,until,many,call,heavy,54.3,-1.57,37.8,229.1,-0.4,395.1,8.7
811,20231102,M04,P014,ok,citizen,describe,medical,57.0,-0.78,2.5,382.6,4.1,464.7,16.8
812,20211218,M09,P018,hope,spend,often,machine,33.4,1.47,33.0,426.6,67.9,469.2,17.2
813,20200404,M01,P018,its,expect,prevent,economic,22.8,0.42,52.2,503.7,26.9,15.9,5.9
814,20221204,M08,P003,against,analysis,place,society,27.5,-4.75,0.8,959.6,70.2,153.6,13.2
815,20230225,M05,P007,line,sea,art,true,85.2,3.99,47.3,434.3,8.6,1.2,4.5
816,20241103,M06,P009,be,care,executive,behind,42.8,2.21,74.0,338.6,16.2,114.0,9.8
817,20201024,M05,P011,painting,statement,from,top,46.3,-3.02,81.7,863.7,34.8,39.6,3.3
818,20200526,M09,P009,spring,second,garden,a,45.7,6.05,67.8,684.5,-38.3,71.1,6.9
819,20241002,M06,P010,reach,treat,score,contain,49.1,4.27,25.4,270.8,20.7,89.6,0.2
820,20230902,M09,P007,lead,hotel,move,nature,44.3,9.78,25.8,860.8,30.2,59.6,16.3
821,20241019,M01,P001,popular,into,season,remain,45.5,6.11,34.8,836.2,0.4,480.8,18.2
822,20200105,M04,P016,treatment,cost,fast,consider,63.2,-3.0,20.0,251.9,96.3,156.5,5.1
823,20230514,M05,P006,include,religious,people,turn,63.4,3.85,30.7,434.6,33.3,24.0,19.1
824,20200705,M01,P014,old,that,measure,vote,96.1,-5.28,62.6,271.8,4.1,212.5,19.5
825,20210705,M08,P015,remember,strategy,collection,save,25.3,3.21,96.7,953.2,-11.8,176.2,19.6
826,20230417,M01,P014,especially,short,put,teacher,59.4,-8.42,12.4,335.8,-28.8,169.3,11.7
827,20211128,M07,P016,former,red,eye,miss,15.5,-7.55,58.9,126.9,69.6,354.3,16.6
828,20210105,M01,P013,mean,travel,sense,idea,38.6,2.84,35.3,89.1,75.7,363.7,1.5
829,20241112,M04,P016,say,grow,forward,seat,43.2,-7.32,7.6,843.9,-37.2,68.7,0.4
830,20241020,M05,P016,for,accept,term,measure,50.9,7.31,86.5,754.8,86.4,150.8,2.5
831,20210708,M06,P015,whom,week,customer,walk,57.4,1.92,82.9,335.4,-27.1,348.4,9.0
832,20220808,M04,P018,culture,federal,happy,create,49.4,5.81,88.3,259.5,18.4,89.8,2.4
833,20210105,M07,P014,skin,look,any,argue,87.7,5.47,92.0,899.9,90.0,216.0,18.7
834,20200513,M06,P010,should,foreign,add,bar,8.0,0.22,77.0,871.3,-34.5,149.1,3.8
835,20221026,M06,P010,result,difference,forward,set,23.7,-1.45,79.7,98.9,53.7,256.9,5.4
836,20231023,M02,P009,often,cup,yet,performance,50.7,-1.05,0.5,196.4,8.3,419.2,18.6
837,20231012,M06,P018,service,watch,great,eight,92.8,-8.36,71.5,834.6,-20.7,394.8,11.5
838,20210304,M04,P011,do,mother,send,financial,85.5,-5.74,67.0,217.1,-9.8,163.2,1.4
839,20220219,M08,P004,before,game,us,allow,83.2,7.46,21.8,813.9,19.7,272.8,19.1
840,20220806,M05,P017,assume,agree,time,discover,25.7,-4.06,79.6,647.1,50.1,425.4,10.0
841,20220709,M07,P015,pay,any,deep,avoid,47.4,-1.11,68.5,230.7,-3.0,131.8,5.5
842,20231031,M07,P009,face,concern,staff,region,43.1,-8.71,20.5,588.5,58.0,380.4,13.2
843,20210308,M02,P004,too,traditional,central,free,69.5,-3.58,35.4,160.0,37.1,414.3,6.6
844,20240411,M03,P007,take,skill,wife,arrive,33.2,-2.98,24.9,169.7,91.6,396.9,16.7
845,20240109,M05,P016,month,security,future,I,82.4,7.45,41.1,608.8,71.1,61.7,12.2
846,20231104,M04,P016,coach,argue,reason,husband,53.0,0.65,10.8,762.9,64.7,36.1,13.7
847,20240902,M07,P011,training,author,everybody,treat,78.3,0.35,75.7,459.0,77.5,322.8,10.8
848,20210801,M08,P019,purpose,this,heart,half,4.9,-0.78,26.5,919.8,-22.6,93.3,3.1
849,20211219,M09,P004,however,impact,gas,within,55.1,5.17,8.9,856.3,37.5,415.0,15.1
850,20230529,M02,P016,its,ok,would,space,11.9,-7.41,53.6,531.0,46.9,468.6,5.7
851,20240222,M09,P006,indeed,live,more,let,60.7,-4.78,97.6,78.3,-3.7,296.4,7.9
852,20200826,M09,P011,example,board,order,employee,28.7,1.64,92.1,990.3,75.4,309.1,17.1
853,20201208,M04,P004,time,point,friend,amount,57.1,-3.52,81.2,973.0,65.5,55.9,7.4
854,20231103,M01,P017,cover,health,follow,off,55.2,-2.86,85.2,601.5,19.5,387.9,15.7
855,20230901,M09,P004,former,art,nation,marriage,48.4,-6.19,0.1,565.0,51.3,199.3,6.7
856,20200408,M04,P009,team,even,hear,hair,81.3,5.67,14.7,829.0,63.3,62.4,10.0
857,20221113,M06,P019,back,future,over,remember,69.0,-4.93,52.6,462.0,21.0,332.9,13.6
858,20210924,M03,P012,eight,stage,easy,in,85.6,-2.39,31.9,235.7,-17.9,389.4,7.9
859,20200624,M05,P008,everything,yet,environment,mean,94.2,5.55,89.9,568.7,63.9,43.3,2.0
860,20230212,M07,P014,difference,position,eat,three,42.2,5.08,96.3,865.3,-15.4,268.7,9.2
861,20220330,M05,P008,will,food,child,will,85.4,-8.31,87.6,600.6,3.8,379.5,19.8
862,20220906,M08,P019,matter,what,friend,entire,32.8,-4.46,17.0,515.0,-29.5,249.7,20.0
863,20200701,M01,P015,newspaper,ask,hair,military,53.1,5.79,80.2,49.2,-31.5,49.5,8.6
864,20210705,M06,P010,prepare,boy,brother,process,81.7,-7.69,45.5,607.0,95.8,271.5,6.0
865,20230409,M06,P017,bar,day,natural,approach,60.7,-2.37,50.9,202.4,79.8,427.4,19.3
866,20240515,M09,P015,under,too,whose,one,62.8,0.27,36.1,588.2,42.2,326.9,2.9
867,20230909,M06,P019,attack,total,admit,sense,7.7,8.54,49.9,492.1,-25.3,83.5,16.9
868,20230517,M04,P006,serious,able,hand,hot,10.6,-1.75,96.6,429.3,-24.3,162.4,0.6
869,20200902,M08,P004,only,accept,threat,item,27.4,-9.13,51.1,838.3,49.3,101.1,7.7
870,20211116,M04,P010,total,science,view,coach,41.3,-9.39,89.1,226.6,69.2,315.6,16.0
871,20210108,M04,P017,whether,focus,oil,able,78.9,8.4,9.9,572.2,26.3,11.5,14.4
872,20211222,M07,P010,best,value,billion,why,46.8,-4.44,45.1,777.9,27.2,130.6,16.6
873,20220705,M01,P006,last,thing,sure,never,30.9,-2.14,31.6,194.9,44.8,446.5,10.8
874,20200122,M09,P011,tax,miss,beautiful,house,14.6,2.73,82.7,564.6,58.0,0.3,15.7
875,20231129,M03,P007,begin,general,pressure,artist,61.8,-0.61,94.6,951.6,58.2,311.5,17.2
876,20210825,M06,P019,individual,rule,image,fact,31.2,-7.76,95.9,875.1,22.7,79.8,9.3
877,20220306,M06,P011,admit,follow,throughout,whom,50.7,7.87,46.9,321.3,44.0,321.9,12.4
878,20201007,M04,P019,special,pattern,after,here,57.3,-9.43,7.4,643.1,36.6,128.5,16.5
879,20230916,M08,P007,begin,author,act,trade,31.6,9.17,41.5,855.3,27.3,376.4,0.1
880,20220915,M03,P011,theory,pay,however,whether,65.0,-8.08,0.6,262.1,24.4,339.7,19.3
881,20220601,M04,P011,government,must,decade,suggest,41.5,-8.61,62.4,242.2,92.1,76.9,13.7
882,20240713,M06,P019,capital,as,tend,ten,15.5,-2.92,76.2,15.1,-33.2,358.5,7.3
883,20210520,M01,P004,still,while,with,under,27.8,5.62,61.9,242.1,-24.2,469.1,2.8
884,20230819,M08,P001,discussion,clear,light,speak,16.4,-9.48,40.2,900.3,82.6,380.2,3.9
885,20230428,M05,P008,response,job,live,spend,39.4,0.26,75.5,841.6,47.0,264.5,1.8
886,20200322,M05,P009,notice,begin,poor,teach,70.1,9.15,1.6,690.2,32.6,45.1,4.6
887,20210306,M08,P012,coach,trouble,soon,argue,31.2,-9.59,55.8,741.1,-14.4,22.9,18.4
888,20200919,M09,P006,quite,baby,have,her,91.2,-4.17,85.9,248.5,56.6,85.5,13.7
889,20200718,M05,P006,front,chair,close,coach,25.7,8.98,17.6,13.7,55.0,42.6,11.6
890,20240924,M09,P013,reflect,choose,stay,fall,66.4,-3.97,47.5,313.5,-31.0,345.3,13.8
891,20241211,M08,P003,worker,participant,window,bill,31.3,-3.45,2.0,780.9,32.7,376.4,6.8
892,20200509,M09,P017,rule,safe,against,mean,64.4,-3.12,20.2,120.1,35.4,245.7,15.1
893,20231222,M06,P001,work,rock,teach,he,79.1,-1.57,51.3,212.8,63.0,152.9,18.7
894,20210425,M02,P001,economic,worry,produce,could,26.9,0.52,6.6,591.6,-9.1,49.9,7.5
895,20240321,M08,P002,story,best,pressure,relate,28.5,3.47,3.0,642.8,-21.1,84.7,12.4
896,20230310,M09,P013,federal,name,mention,simple,35.1,-0.12,66.2,195.6,72.7,435.0,6.4
897,20220505,M04,P019,off,argue,realize,subject,36.9,-8.23,69.1,718.9,90.1,35.5,1.3
898,20220508,M04,P008,hope,wide,improve,local,84.4,1.93,69.0,318.9,45.8,437.9,6.9
899,20230803,M01,P002,man,since,concern,including,18.4,-9.44,31.5,956.0,43.4,26.0,14.2
900,20240229,M09,P010,the,even,everyone,real,47.9,0.53,12.1,88.3,1.5,210.1,5.2
901,20240113,M03,P003,let,concern,item,lose,78.9,-5.18,55.3,214.8,-3.3,258.4,8.5
902,20201215,M07,P005,treat,build,attack,he,41.9,-7.17,88.1,112.2,8.6,78.4,11.2
903,20200807,M05,P011,thing,no,clear,language,95.4,4.35,44.6,256.1,74.9,268.1,14.0
904,20200923,M01,P005,significant,partner,sound,relationship,88.8,-4.36,47.3,717.9,95.2,310.9,6.9
905,20241218,M08,P011,wrong,among,turn,resource,6.0,5.95,2.2,139.2,19.9,339.3,12.9
906,20220525,M03,P017,career,quickly,better,election,2.9,-0.19,34.0,473.9,-9.8,255.3,1.9
907,20240616,M03,P007,article,environmental,nor,result,58.3,8.61,69.2,919.1,-36.2,57.7,2.7
908,20201111,M08,P001,save,family,participant,important,81.1,-5.36,82.3,761.6,72.6,452.8,16.6
909,20240812,M09,P014,end,return,agreement,during,68.2,-2.33,42.6,675.2,-2.2,208.5,9.6
910,20201220,M09,P019,ok,population,ten,break,37.1,-2.48,22.3,459.5,-7.9,465.3,10.2
911,20220414,M04,P015,try,agreement,maybe,media,94.7,3.51,15.4,239.6,57.2,91.4,2.3
912,20200131,M07,P013,fund,option,campaign,hope,46.9,4.87,17.9,454.0,-39.6,364.7,17.0
913,20230418,M03,P019,employee,form,threat,participant,21.0,-0.78,8.3,707.0,47.6,139.2,7.6
914,20230510,M08,P005,culture,term,above,help,22.0,-7.95,91.3,489.0,7.3,0.7,2.0
915,20220103,M06,P016,maybe,cell,detail,industry,24.7,7.48,37.5,82.6,65.4,171.2,13.4
916,20240827,M04,P004,house,experience,treat,factor,99.2,5.15,67.9,214.6,42.5,200.5,3.6
917,20210921,M04,P014,want,employee,window,church,52.5,9.03,24.0,709.3,61.3,281.2,7.4
918,20230117,M08,P002,hand,vote,rich,such,64.2,-7.87,39.9,78.5,-12.9,127.4,14.0
919,20210423,M02,P009,head,hard,see,fall,73.6,8.48,79.4,27.0,63.5,301.6,19.5
920,20200522,M05,P013,happen,activity,product,pattern,83.5,-8.14,51.2,230.3,33.2,386.3,5.4
921,20200502,M02,P014,glass,woman,similar,too,21.5,2.38,35.7,766.2,-23.8,267.7,14.9
922,20230707,M04,P011,five,agreement,discuss,part,25.9,-3.0,79.2,300.1,82.1,251.5,15.6
923,20230813,M01,P014,finish,tough,put,deep,34.6,-10.0,75.9,777.4,66.6,469.3,7.5
924,20220305,M09,P012,town,final,future,music,80.4,-5.13,60.4,109.9,97.8,76.2,0.8
925,20220420,M05,P004,soldier,tax,enter,determine,67.9,7.48,67.9,940.0,-24.1,297.8,20.0
926,20200715,M03,P017,reveal,consider,age,outside,3.5,1.16,15.8,673.1,66.3,121.8,19.1
927,20210725,M03,P001,site,business,almost,mother,1.9,-4.96,73.9,9.4,-31.5,177.5,13.6
928,20220726,M08,P018,least,ever,vote,age,90.1,-2.35,23.3,647.8,-24.0,248.2,9.4
929,20210627,M04,P012,live,choice,produce,bit,81.7,-8.92,84.9,245.2,73.4,459.7,7.6
930,20211117,M03,P001,space,certain,science,writer,84.5,9.53,71.7,205.0,22.3,203.6,9.6
931,20210809,M01,P007,shoulder,range,despite,tough,91.4,-7.26,67.1,998.8,74.1,328.7,8.5
932,20210423,M07,P007,decade,bed,everyone,employee,29.2,4.18,96.0,415.1,51.8,237.9,19.2
933,20241017,M03,P013,course,task,middle,western,30.4,2.47,47.4,957.1,80.3,152.5,19.5
934,20230302,M08,P003,where,statement,determine,relationship,5.7,-8.51,20.5,212.0,39.8,374.2,19.5
935,20211229,M07,P014,great,total,shake,physical,57.5,8.75,48.0,584.5,8.1,499.4,7.6
936,20210121,M06,P012,next,structure,also,Mr,94.4,4.44,71.0,87.4,-18.1,343.2,7.3
937,20230525,M01,P006,the,state,image,couple,35.4,4.79,52.3,427.6,48.7,23.9,16.0
938,20231031,M01,P002,environmental,subject,its,wall,85.6,1.56,73.1,912.3,-23.3,232.3,13.0
939,20221024,M06,P007,wear,name,establish,suffer,81.3,4.11,37.5,482.5,70.8,330.7,10.7
940,20240523,M08,P004,list,address,investment,close,67.9,-6.78,89.6,346.3,51.2,489.8,15.9
941,20200316,M09,P002,mean,current,she,determine,1.5,-1.19,63.8,15.7,91.2,224.3,10.0
942,20230304,M02,P010,white,more,decision,themselves,61.7,-7.29,29.1,594.8,84.0,243.9,17.4
943,20240403,M03,P018,notice,commercial,hear,better,59.7,-6.57,77.8,501.1,85.9,474.5,9.2
944,20221130,M01,P007,follow,open,compare,store,57.6,-5.18,82.0,910.3,22.0,171.2,16.6
945,20210617,M06,P018,market,short,collection,here,70.0,-8.18,28.3,773.8,38.7,365.2,16.0
946,20210429,M06,P012,government,last,hour,two,6.7,9.13,81.7,354.0,27.7,16.6,3.6
947,20201028,M02,P016,population,international,ball,treatment,73.8,7.23,28.2,269.6,21.8,191.1,4.9
948,20230625,M01,P007,ground,age,force,increase,73.9,9.87,41.5,982.0,71.1,125.8,11.4
949,20220722,M05,P001,democratic,eight,much,beat,5.7,-8.11,38.2,290.4,28.4,160.6,16.7
950,20240905,M08,P001,since,team,time,career,32.7,-5.61,54.0,199.6,69.4,191.8,8.9
951,20200422,M05,P010,answer,unit,plant,something,33.0,4.84,92.6,225.2,-22.5,251.5,1.2
952,20200227,M01,P004,dinner,prevent,specific,much,84.7,4.43,86.5,225.5,-12.1,491.5,18.5
953,20241022,M07,P012,back,compare,herself,support,87.1,-8.57,94.3,640.4,85.5,42.5,17.9
954,20210822,M01,P017,benefit,treat,structure,treat,10.0,6.83,62.2,735.5,-32.2,393.3,11.6
955,20241003,M07,P013,common,quite,anything,new,7.5,3.33,36.3,889.5,-15.6,27.2,10.3
956,20230601,M02,P010,dream,account,reason,tree,93.9,-2.67,65.0,994.9,-37.7,293.4,14.4
957,20200716,M03,P017,yet,nothing,drug,up,91.1,-5.82,58.7,639.3,-32.1,454.4,3.1
958,20211025,M01,P017,computer,name,paper,even,35.7,-6.46,37.3,160.2,-10.9,307.8,11.8
959,20230417,M03,P005,about,phone,before,item,26.9,3.86,84.2,983.6,-2.6,273.0,11.7
960,20230414,M02,P014,quality,air,keep,social,51.5,3.8,63.4,436.5,1.5,133.8,9.5
961,20240620,M03,P011,question,around,arrive,fill,80.2,1.63,41.4,45.0,-22.7,273.9,7.4
962,20200512,M06,P019,serve,tell,same,name,24.0,7.98,5.5,897.6,42.9,4.9,3.1
963,20230218,M08,P006,knowledge,likely,from,foot,29.9,-7.01,63.5,308.3,49.3,141.6,12.6
964,20240521,M01,P011,plant,population,look,rest,12.2,-7.67,23.1,860.3,70.4,175.5,14.2
965,20221126,M02,P002,remember,section,about,want,41.8,8.91,92.6,186.7,72.8,227.7,15.7
966,20210918,M05,P007,I,authority,significant,every,22.4,0.25,27.3,346.6,66.1,126.3,15.7
967,20231219,M06,P002,consumer,page,power,war,1.8,2.98,18.6,496.9,75.0,311.8,6.6
968,20220611,M01,P002,you,generation,senior,identify,76.3,-0.99,79.2,276.0,70.9,194.9,7.6
969,20230702,M04,P004,drive,over,pattern,grow,35.2,-4.39,2.2,287.6,-4.3,114.4,4.2
970,20221018,M05,P008,avoid,impact,situation,decision,48.7,-7.92,42.1,959.9,32.3,217.2,14.6
971,20210220,M05,P004,include,from,include,measure,1.4,2.48,11.7,950.1,-30.5,169.3,16.2
972,20221224,M04,P015,note,describe,theory,page,34.6,3.45,59.6,865.3,-29.1,461.8,0.4
973,20200103,M01,P005,trial,style,conference,list,12.6,0.02,33.1,694.1,-0.1,35.6,17.5
974,20241026,M07,P010,really,suffer,six,collection,19.4,0.76,80.9,954.0,59.4,167.7,7.9
975,20240804,M09,P016,land,can,time,argue,81.6,8.33,23.6,991.4,-23.7,383.1,16.1
976,20220111,M07,P009,assume,human,physical,people,44.6,4.95,46.0,920.1,2.2,462.9,13.7
977,20230318,M05,P011,way,week,same,control,94.7,-2.78,3.2,572.8,22.3,386.4,3.7
978,20201118,M08,P009,he,lot,receive,enjoy,14.5,-8.72,24.5,841.0,-12.0,278.1,13.5
979,20220212,M05,P007,do,east,too,west,20.6,-7.98,48.4,441.9,-17.1,200.6,19.6
980,20240328,M09,P015,field,animal,common,all,74.6,1.5,79.9,599.1,98.5,290.6,5.1
981,20240312,M04,P004,senior,since,remain,price,68.4,6.07,72.8,681.2,33.6,208.1,16.8
982,20210807,M02,P004,become,culture,program,many,18.9,-7.51,35.9,833.0,79.2,442.2,20.0
983,20200309,M07,P013,perhaps,school,picture,development,15.0,-1.34,30.3,64.8,48.6,401.9,13.9
984,20210717,M06,P006,long,newspaper,number,adult,27.6,-3.13,95.4,616.3,49.0,231.5,7.6
985,20200516,M08,P006,hand,morning,enough,air,22.0,-9.98,63.8,482.1,4.9,427.8,2.1
986,20241124,M05,P001,go,enough,exist,success,93.3,-8.19,26.1,482.6,20.6,449.6,2.4
987,20240721,M01,P015,trade,rich,onto,race,42.5,8.45,44.3,619.6,-3.7,120.9,11.5
988,20230525,M03,P004,camera,especially,issue,once,2.3,-7.35,64.0,454.5,78.4,178.0,8.0
989,20211108,M07,P015,bank,necessary,throw,wife,96.7,-9.42,61.8,590.0,35.9,147.9,16.7
990,20210806,M06,P013,third,deep,nation,the,69.3,6.23,22.0,674.4,-5.5,380.1,9.4
991,20230701,M08,P013,itself,standard,challenge,many,34.9,-2.5,95.9,10.3,65.4,405.5,1.7
992,20220818,M06,P011,floor,poor,good,account,71.6,8.34,79.0,163.2,17.4,296.3,18.4
993,20200804,M07,P011,look,maintain,reach,reduce,56.6,6.36,31.6,76.0,66.9,193.6,9.1
994,20210526,M06,P015,international,this,character,realize,87.7,4.46,52.7,411.7,11.7,440.1,19.4
995,20220328,M09,P011,experience,any,article,eight,75.2,-0.62,72.3,208.8,62.7,268.8,19.1
996,20200724,M08,P010,risk,share,young,mention,22.0,-5.62,36.1,668.1,-31.5,445.4,6.3
997,20220913,M01,P003,least,have,carry,career,7.2,1.32,33.9,503.8,37.6,96.6,5.0
998,20230712,M07,P006,choice,hope,up,build,36.3,3.61,93.9,819.7,96.4,186.2,9.9
999,20240606,M03,P015,include,region,green,he,99.5,-6.68,37.4,261.5,13.5,198.7,2.3
1000,20200603,M07,P001,special,suddenly,official,upon,37.2,-4.94,11.7,697.8,-19.3,38.1,17.4
